地点,短评,出发时间,天数,人均费用,人物,玩法,浏览量
防城港,自驾游防城港，广西小众地方也有绝美的风景,/2020/04/01,5,2500,三五好友,自驾 美食 摄影 踏春,4.3万
大连,一朝发祥地，两代帝王都——传奇盛京，浪漫大连，美丽丹东记,/2019/08/31,8,1700,家庭,深度游 穷游 海滨海岛 夏季,1.2万
六安,走进皖西胜地，赏江淮秀水，品大美六安,/2020/04/16,4,2500,三五好友,深度游 自驾 踏春,6.6万
六安,自驾六安，静心感受那一份纯净的春意,/2020/04/30,4,2000,家庭,自驾 踏春,709
银川,亲子自驾大西北18天,/2020/04/08,18,2000,亲子,自驾 踏春,1763
成都,是的，春天需要你,/2020/03/19,5,2000,三五好友,深度游 短途周末 自驾 踏春 夏季,2万
茂名,宝藏小城茂名的正确打开方法,/2020/04/19,2,800,情侣,短途周末 自驾 海滨海岛 五一 夏季,4万
广州,Power满满的一天！到广州融创体育世界体验精彩周末,/2020/04/11,1,200,三五好友,深度游 短途周末 踏春,3万
平武,人间四月羌山赏味：川西羌乡二日行记,/2020/04/04,2,300,三五好友,短途周末 美食 古镇 清明,2.7万
兴化,水城兴化，千垛菜花，如诗如画踏青之旅,/2020/03/30,2,500,亲子,深度游 自驾 美食 踏春,5751
兴化,于春暖之日，和宝贝赴一场兴化梦幻花开,/2020/03/30,2,1800,亲子,短途周末 清明,5383
兴化,兴化丨赴一场春季之约，看一场花花世界,/2020/03/30,2,1000,情侣,深度游 短途周末 自驾 踏春,2.1万
大连,徒步旅行探寻隐藏的小众秘境（怀化篇）,/2020/04/06,7,2000,情侣,深度游 徒步 摄影 踏春,1.4万
西安,【马玛丽旅行志】千年古都，常来长安，看过今日的西安，感受昨日的长安,/2019/12/15,3,2000,三五好友,深度游,1.9万
海宁,海洪宁静，盐潮入官，百里钱塘，春暖花开--驾“浙”观大潮访金庸、赏樱花睡房车,/2020/03/23,2,900,情侣,自驾 赏樱 踏春 清明,3.2万
杭州,一个女背包客的华东逛吃,/2020/03/28,2,600,独自一人,第一次 深度游 踏春,2447
亚庇,全球疫情暴发前-马来西亚亚庇五天四夜游,/2020/01/30,5,2500,情侣,深度游 穷游 海滨海岛 春节,1.1万
莫干山,春日物语|细品草长莺飞、落英缤纷·莫干山轻松漫步二日,/2020/03/23,2,1000,三五好友,短途周末 摄影,1.2万
无锡,【无锡花语】太湖佳绝处，樱舞鼋头渚。,/2019/03/30,2,500,闺蜜,短途周末 摄影 赏樱 踏春,1.7万
海口,与闺蜜的一次单独约会--海口,/2019/07/17,4,2000,闺蜜,短途周末 暑假,2900
婺源,婺源：云雨成烟，枫林未晚,/2019/11/05,3,1000,独自一人,短途周末 穷游 摄影 赏秋,455
杭州,禅意徒步，天竺三寺、永福寺、韬光寺一日游,/2019/11/02,1,100,独自一人,徒步 赏秋,4835
敦煌,西北以北|国庆敦煌兰州双城六日行记,/2020/03/13,6,2500,情侣,环游 穷游 国庆,1.8万
大邑,天府古镇记之新场篇：风从天间去，云且住新场,/2020/03/11,1,100,独自一人,古镇 赏秋,2.9万
洛带,天府古镇记|洛带的人间烟火,/2020/03/11,1,100,独自一人,古镇 踏春,9675
大邑,天府古镇记之安仁：浓荫之下赏寂寞，芳菲深处话安仁,/2020/03/11,1,100,独自一人,古镇 踏春,1.2万
芽庄,你见过冬季的芽庄吗？芽庄5日闺蜜游,/2020/01/15,5,2500,三五好友,深度游 摄影 美食 寒假,3.5万
拉萨,川藏线-愿你历经山河，觉得人间值得,/2018/04/24,11,2500,三五好友,自驾 踏春,1.2万
北海,站在祖国南方战队里的小任性（四天穿梭北海、涠洲岛、东兴）,/2019/11/11,5,2000,三五好友,第一次 穷游 冬季,505
雁荡山,匆匆的温州之行，难忘的雁荡山之旅,/2019/12/08,3,1000,三五好友,第一次 摄影 冬季,557
平遥,写一封信，寄给春天——守护之城，平遥等你！【附平遥古城全新游玩攻略】,/2020/02/21,3,1000,三五好友,短途周末 美食 古镇 夏季 冬季,11.4万
句容,自驾去江苏宝华山千华古村夜太美1500年隆昌寺竟然是律宗第一山,/2020/01/01,2,500,三五好友,深度游 自驾 摄影 跨年,1.2万
伊春,2020“伊春”清凉夏日、洗肺、避暑4日游完美攻略,/2020/06/19,4,800,三五好友,深度游 毕业游 摄影 夏季 暑假,7437
霞浦,霞浦---醉美的滩涂，最美的摄影地,/2019/12/10,5,1880,三五好友,深度游 摄影 冬季,3205
平遥,平遥一座注定以行走为使命的城【附平遥古城旅游攻略】,/2019/09/17,3,800,情侣,第一次 古镇 婚纱 踏春,12.3万
莽山,湖南郴州莽山～高椅岭～东江湖～小东江最完美的攻略,/2019/12/29,3,1000,三五好友,短途周末 跨年,16.4万
大连,错峰自驾游，慢慢体会大连的美,/2019/05/15,12,2000,家庭,自驾,2847
宁波,触手可及却比远方更远，我想私藏这座世外小岛,/2019/04/13,3,2000,三五好友,海滨海岛 摄影 游轮 徒步 踏春,3.3万
马六甲,东马漂流记|用60个小时记住你,/2020/01/23,4,1100,三五好友,跨年 人文 第一次,8855
澳门,妈阁是座城——用7天认识澳门,/2019/12/04,7,2000,独自一人,深度游 冬季,3718
清迈,夜市+SPA+飞跃+大象+无边泳池，便宜舒服清迈四天自由行,/2019/11/01,4,2000,情侣,第一次 美食,5.5万
扎达尔,不穿衣服游欧洲，克罗地亚，一个奇妙的国度,/2020/02/02,5,1500,三五好友,第一次 深度游 自驾 春节,9929
九寨沟,【史上最强】最完美最省钱四川成都九寨峨眉乐山11DAYS,/2016/07/04,10,2500,家庭,第一次 穷游 摄影 暑假,932
上海,上海美食之旅,/2020/01/24,3,400,家庭,穷游 美食 古镇 春节,663
成都,成都5日游,/2020/01/20,5,500,三五好友,穷游 春节,1.6万
桂林,桂林三天两夜自助游,/2020/01/19,3,500,三五好友,深度游 寒假,1.5万
北京,北京萌叔一家自驾海南，不急不赶，一路向南,/2020/01/08,4,1500,亲子,自驾 春节,4303
西安,漫游古城西安和华山,/2018/10/16,4,1200,三五好友,短途周末 环游,6044
成都,成都，精致又好吃的一座城市，是我的最佳境外航班中转基地,/2019/11/01,1,1400,三五好友,购物 美食 摄影 赏秋,5354
安吉,滑雪+温泉，这才是浙江的冬天该有的正确打开方式！,/2020/01/17,2,1500,三五好友,深度游 短途周末,3.7万
重庆,打卡我心心念念的魔幻3D城市—重庆,/2020/01/17,3,2000,三五好友,美食,3.7万
周庄,冬日邂逅江南第一水乡，有一种生活叫周庄,/2020/01/10,4,2000,三五好友,短途周末 摄影 古镇 寒假,2.5万
阿尔山,2018年10月底呼伦贝尔租车自驾5天，深秋，阿尔山满洲里,/2018/10/23,5,2300,情侣,深度游 自驾 穷游 国庆 冬季,3.9万
苏州,苏州之行,/2020/01/11,4,2000,独自一人,第一次 购物 美食 春节,5048
丽江,昆明大理丽江6日游,/2020/01/06,6,2500,情侣,第一次 古镇 穷游 春节 冬季,4.8万
成都,第一次去成都吃火锅,/2019/08/08,9,2000,亲子,第一次 穷游 美食 暑假,1.8万
成都,3天2夜逛吃成都，在蓉城度过幸福感满满的周末,/2020/01/13,3,1000,三五好友,美食 跨年 春节,1万
梅州,客家民居不都土得掉渣洋盘起来就是金枝玉叶如肇庆堂设计者脑回路清奇,/2019/12/30,1,100,三五好友,深度游 自驾 摄影 跨年,6951
建德,新安江畔千年古城，建德航空小镇带你圆梦蓝天,/2019/12/31,3,1800,亲子,短途周末 自驾 摄影 寒假,2.8万
建德,杭州周边小众研学亲子游，在建德新联航空基地坐直升机看千岛湖,/2020/01/05,3,2000,三五好友,第一次 美食 摄影,6.4万
成都,我带你去游川西（二）作者黎明之光,/2019/10/05,14,450,家庭,自驾 国庆,9415
金坛,春节去哪？江苏茅山自驾冬游记：约泡竹海小野温汤，山宿隐奢网红酒店,/2020/01/01,3,800,闺蜜,短途周末 自驾 温泉 春节 冬季,13.4万
北京,北京5日游-带父母,/2019/12/26,5,2300,家庭,穷游 冬季,1.5万
广州,广州亲子带你看看爸妈梦开始的地方（长隆野生动物世界二日游）,/2019/01/12,3,2000,家庭,短途周末 寒假,5458
平遥,2020全年攻略+春节度假预告：邂逅最美平遥，感受中国年味,/2020/01/01,2,800,三五好友,深度游 古镇 春节 冬季,4.2万
成都,【天府之国】说走就走的美食之旅，4日小游感受魅力成都,/2020/01/03,4,1500,情侣,深度游 短途周末 美食 跨年,10万
成都,成都周边博物馆,/2019/05/18,5,200,独自一人,穷游 摄影 探险,1.2万
长沙,带娘亲打卡长沙景点TOP5，却被暴雨逼成美食博主...,/2019/04/28,2,2200,家庭,短途周末 美食 五一 夏季,1.5万
厦门,厦门人少景美怎么玩——小萌娃的亲子旅拍全记录,/2019/12/09,1,2000,亲子,海滨海岛 寒假,4.6万
苏州,湖光文旅沪苏杭,/2019/09/13,5,1500,家庭,环游 赏秋,648
成都,来成都滑雪、爬山、吃美食，你不知道的新玩法,/2020/01/01,5,2000,独自一人,美食 滑雪 古镇,13.9万
雪乡,去东北，赏一场被上帝亲吻过的雪,/2019/12/15,10,1000,独自一人,深度游 徒步 摄影 圣诞,9023
建德,走进杭州建德新联航空基地，收获一场意义非凡的航空研学之旅,/2020/01/06,3,2000,亲子,第一次 美食 古镇 跨年,1.8万
理县,冬日川西，许你一个雪后王国【毕棚沟+太子岭+成都美食推荐3日游】,/2019/12/20,3,1500,三五好友,短途周末 自驾 滑雪 冬季,15万
丽江,彩云之南昆明大理丽江之行,/2019/02/22,3,1000,独自一人,穷游 美食 摄影,1.3万
三亚,年末记｜逃离北方寒冬，带娃暖游三亚,/2020/01/05,4,2000,亲子,短途周末 冬季,8726
平遥,【宝藏纪念】山西，古城，石窟，大院，我在这个元旦的小欢喜,/2020/01/03,6,2000,三五好友,第一次 古镇 跨年 冬季,2.1万
石河子,新疆冰雪双城记｜收获一趟幸福感爆棚的旅行,/2019/12/25,3,1500,三五好友,美食 摄影 冬季,1.6万
克拉玛依,克拉玛依，我在冬季遇见你，荒野冰雪醉美是你！,/2019/12/19,5,2000,三五好友,美食 温泉 滑雪 冬季,1.6万
成都,成都，一个来了就不想走的城市，这个秋冬再度与美食美景相约（3天2晚小众美食美,/2019/12/05,3,1500,三五好友,自驾 美食 摄影,6.8万
海口,贰人海岛穷游记,/2019/10/20,10,2340,亲子,第一次 深度游 穷游 赏秋,9593
哈尔滨,冰雪之冠，魅力冰城——哈尔滨三日游攻略,/2019/12/31,3,1700,独自一人,短途周末 滑雪 冬季 寒假,2.8万
深圳,“意”味“深”长，给你一份30小时的深圳文艺漫步地图,/2019/12/13,2,2000,独自一人,深度游 短途周末 摄影,8.8万
定州,【暴走刷保】一日刷尽定州保,/2019/09/01,1,200,独自一人,深度游 短途周末 古镇 夏季 暑假,2.1万
广州,广州4天3晚游,/2019/12/06,4,1200,三五好友,徒步 短途周末 美食 冬季,341
三亚,三亚看日出日落，一篇攻略为你囊括所有目的地,/2019/12/17,4,2000,家庭,深度游 冬季 寒假,3万
平遥,2020平遥古城自由行+新年度假攻略预告，平遥古城精华游纯干货分享~,/2019/12/22,3,1000,三五好友,深度游 美食 古镇 冬季,2.4万
珠海,海底探秘，尽在珠海长隆海洋王国,/2019/12/15,1,500,亲子,短途周末 自驾 圣诞,1.3万
平遥,前方到站平遥古城，开启古城的穿越旅行,/2019/12/25,3,800,情侣,第一次 美食 古镇 冬季,2.3万
万宁,心灵的分界岛：上一站不高兴，下一站贼开心,/2019/12/08,3,1300,家庭,短途周末 自驾 海滨海岛 冬季 寒假,1877
青岛,猝不及防闯入你的容颜｜你好，青岛！（青岛文艺小众游攻略）,/2019/12/17,3,2000,三五好友,短途周末 摄影,2万
厦门,在厦门过暖冬☀️（三日两夜）,/2019/12/21,3,1785,家庭,短途周末 美食 冬季,2027
澳门,【点赞澳门】这才是澳门正确的打开方式！,/2019/03/08,3,2300,闺蜜,深度游 短途周末 美食 踏春,1544
哈尔滨,冰城冬韵——哈尔滨,/2019/12/24,3,1500,亲子,第一次 短途周末 冬季 寒假,5914
丽江,看，云蓝（昆明+大理+丽江）,/2019/12/13,8,1800,家庭,第一次 冬季,4788
莫干山,莫干山中隐，静闻铸剑声,/2019/06/08,2,600,闺蜜,第一次 短途周末 端午 夏季,9630
广州,走走走游游游之国庆广州四日游,/2017/10/03,4,2800,亲子,第一次 国庆,7570
乌镇,乌镇西塘3日游,/2019/12/10,3,1000,独自一人,第一次 短途周末 古镇 冬季,7070
凤凰,走进“文学之父”沈从文的家乡，凤凰古城,/2019/12/20,3,2000,闺蜜,第一次 夏季,1.1万
平遥,平遥古城攻略在北纬37度，慢慢地听，雪落下的声音,/2019/12/19,3,1200,亲子,深度游 美食 古镇,2.6万
深圳,深圳都市里的宝藏小镇甘坑客家小镇故事,/2019/12/13,2,100,独自一人,短途周末 环游 美食 赏秋,837
平遥,2020年元旦|许我一场晋善晋美的梦--山西5天精华游攻略,/2019/12/16,5,1500,三五好友,深度游 美食 古镇,3万
黔南,独山夹缝岩溯溪徒步，穿越草海，找寻原乡,/2019/09/28,3,800,三五好友,深度游 国庆,2.3万
平遥,不平常，不遥远（我在平遥古城的10个体验）,/2019/12/03,3,800,家庭,深度游 古镇 冬季,1.1万
香格里拉,秘境深处——巴拉格宗：行一步圣域清净，窥一眼十相自在,/2019/12/15,3,2000,家庭,深度游 摄影 赏秋,1.3万
无锡,无锡旅行冬季的太湖鼋头渚，邂逅成千上万的“水上精灵”,/2019/12/03,2,1000,三五好友,深度游 游轮 摄影,2万
重庆,魔幻山城，千里广大——重庆,/2019/11/28,4,2009,三五好友,第一次 冬季,5563
延吉,小鲁面の两天零一夜带你漫游“小首尔”『这里不仅有美食，延吉应该这么玩』,/2019/09/16,2,500,三五好友,深度游 短途周末 摄影 中秋节,5364
三亚,这个冬日，沉醉在碧海蓝天的梦里,/2019/12/13,1,1233,三五好友,夏季 冬季,376
厦门,换一种厦门玩法，享受地道的美食与风光,/2019/12/04,4,2500,情侣,深度游 美食 摄影,8.8万
三亚,三亚攻略丨北纬18°，南国的温度,/2019/12/01,3,2000,三五好友,自驾 穷游 美食 冬季 寒假,1.5万
长沙,毕业24年，和同学的第一次旅行（长沙自助游）2019.11.30-12.2,/2019/11/30,3,500,三五好友,短途周末 毕业游 美食 冬季,2.6万
香格里拉,“野路”少年的玩法——尼汝徒步日记,/2019/12/08,3,1000,情侣,第一次 寒假,3万
阿尔山,小鲁面の来自阿尔山的召唤·手把手教你畅游阿尔山『全是干货，进来瞧瞧』,/2019/10/01,4,2000,家庭,深度游 自驾 摄影 国庆,1.7万
香格里拉,尼汝村徒步最全攻略，上百张图近万字告诉你最后的秘境有多美！,/2019/12/04,2,800,情侣,徒步 摄影 探险 冬季,9.2万
重庆,重庆3日游,/2019/12/04,3,1600,情侣,美食 摄影,3.2万
德钦,自驾滇西北，遇见香巴拉｜迪庆72小时西环线自驾全攻略,/2019/12/02,5,2500,三五好友,深度游 冬季,2.3万
杭州,走进西溪湿地，走近世外桃源般的度假胜地——十里芳菲,/2019/12/02,2,1500,独自一人,第一次 短途周末 赏秋,12万
平遥,【纯干货】秋去冬来圆梦古城，一份平遥古城自由行攻略请收下！,/2019/12/07,3,600,三五好友,深度游 美食 古镇 冬季,5696
房山,听我的，这个红叶季，一定要去坡峰岭过《向往的生活》,/2019/10/26,2,500,三五好友,短途周末 摄影,4936
成都,听说你要去成都旅行？这篇local的吃喝玩爽攻略已安排～,/2019/12/06,2,499,三五好友,深度游 短途周末 美食 国庆,16.8万
沈阳,沈阳周末游,/2019/12/01,1,100,独自一人,短途周末,5.1万
成都,博物馆控的3日成都行，展览与美食都不可辜负,/2019/11/10,3,1500,三五好友,深度游 美食 赏秋,2.8万
文成,玩转浙南山区刘伯温故里，少数民族风情浓郁，红色旅游特色鲜明,/2019/12/05,3,1000,三五好友,深度游,4729
安阳,河南安阳3日游，追忆一个王朝的缩影,/2019/12/05,3,2000,三五好友,深度游 自驾 踏春 冬季,2.3万
长沙,｛默言｝打个飞的去长沙,/2019/11/15,3,1500,三五好友,短途周末,4万
平遥,晋中行（平遥古城、乔家大院、王家大院等）,/2019/11/19,5,2800,闺蜜,古镇 冬季,2282
成都,金秋十月，穿上秋裤，来邂逅一场冰与火的成都（72小时解锁不一样的成都）,/2019/11/02,3,1000,三五好友,短途周末 自驾 美食 赏秋 寒假,13.5万
无锡,无锡旅行漫步江南水乡惠山古镇，寻找帝王的足迹,/2019/12/03,2,1500,三五好友,深度游 美食 古镇 冬季,4.3万
厦门,【带着旺仔去旅行】厦门：初冬里，日光倾城,/2019/11/09,5,2500,家庭,第一次,3.7万
拉萨,一座城，一本书，跨越时间和空间去发现,/2019/11/30,4,2000,独自一人,第一次 冬季,9195
哈尔滨,致一场说走就走的旅行#一路向北之大东北?听雪落下的声音,/2019/10/01,7,2000,情侣,滑雪 国庆,1781
怀化,自驾游湖南怀化，四天三晚穿越古今！,/2019/11/21,4,2500,三五好友,自驾 美食 摄影,5.2万
重庆,微辣是这座城市的底线,/2019/11/27,4,1500,三五好友,美食 摄影 古镇 冬季,2万
杭州,【诗画浙江】畅游杭州杨梅岭，体验新颖的农家生活,/2019/11/30,3,1500,独自一人,短途周末 赏秋,1303
华沙,忧郁而美丽的波兰，一朵浴火绽放的东欧玫瑰,/2015/02/13,1,5,情侣,第一次 深度游 春节,5683
兰州,金城兰州3日奢华美食之旅，大口吃肉大口嗦面（附路线图+餐厅点评）,/2019/11/27,3,1500,三五好友,第一次 深度游 美食 春节 国庆,4952
桐庐,深秋桐庐丨庭前落英缤纷，慢下来、与山野相处,/2019/11/21,3,2500,三五好友,短途周末 自驾 美食,2754
三亚,发呆、晒日光浴、吃美食……是时候到三亚去猫冬了,/2019/11/05,3,2000,三五好友,短途周末 美食 海滨海岛,1.5万
婺源,让爱更近一些（九华山，婺源，浮梁古县衙，景德镇，查济古镇，合肥包公园）,/2019/11/15,10,2325,家庭,古镇 赏秋,4746
切尔,前方！核能预警——重返“生命禁区”切尔诺贝利,/2019/08/10,1,800,三五好友,深度游 摄影 探险 夏季,5917
成都,北方冷了，来我们爱的成都，3天2晚让美食美景温暖我,/2019/11/01,4,2500,情侣,美食 冬季,3.9万
广州,没有什么拉轰的名字能描述出来的美好回忆,/2019/10/01,7,2500,三五好友,第一次 自驾 国庆,1.1万
松阳,松阳3日深度游，探寻最后的江南秘境,/2019/11/10,3,2000,三五好友,深度游 摄影 古镇 赏秋,2.4万
都匀,奔赴一场盛大的青春：《陈情令》取景地贵州都匀之旅,/2019/11/07,4,1500,闺蜜,摄影 短途周末 赏秋,3395
太原,KK山西，一次秋的“碰撞”,/2019/11/14,5,2900,闺蜜,徒步 摄影 赏秋,1.4万
佛山,周末出游｜2天1夜顺德美食美景享不停~,/2019/11/19,2,1000,闺蜜,美食 摄影,2万
重庆,重庆自由行,/2019/11/14,6,2200,家庭,美食 古镇 摄影 赏秋,7151
陵水,暖暖冬日，以爱之名，邂逅海南陵水最美网红打卡地,/2019/11/18,3,2000,情侣,自驾 潜水 海滨海岛 暑假 国庆,3.7万
无锡,错过你春天的浪漫，邂逅你秋天的斑斓,/2019/11/15,2,1000,三五好友,短途周末,1.7万
秭归,三峡大坝新攻略，去秭归就对了，两个5A景区一百元，超值良心价,/2019/11/03,2,500,三五好友,深度游 短途周末 自驾 端午 中秋节,5374
重庆,西安出发双飞重庆两天三顿火锅快乐的自由行之旅,/2019/11/06,3,1500,三五好友,穷游 美食 摄影,5629
杭州,江南忆，最忆是杭州；何日更重游！,/2019/11/04,10,500,独自一人,第一次 万圣节,1913
重庆,曾是少年|重庆四十小时,/2019/11/08,3,600,三五好友,短途周末 美食 摄影,1.4万
三亚,小夫妻旅行录丨辞职去旅行，三亚是我们新生活的第一站！,/2019/10/13,3,2000,情侣,深度游 自驾,2.9万
留坝,自驾秦岭南坡秘境，看遍汉中最美秋景,/2019/11/07,3,1800,三五好友,短途周末 赏秋,17.2万
克拉玛依,初看奇丑细瞧魔幻学名恶地就在在独库公路天山脚下很多人没见过！,/2019/10/26,1,150,三五好友,深度游 自驾 摄影 赏秋,8470
重庆,重庆旅游网红奥陶纪怎么玩儿？两日游宝典请收好,/2019/11/02,2,600,情侣,短途周末 自驾 赏秋,2.8万
北京,圆自己的北京梦,/2019/11/08,3,1700,情侣,短途周末,6348
黟县,徽州秋韵行,/2019/11/02,5,1500,三五好友,自驾 古镇 赏秋,545
黑水县,达古冰川-毕棚沟-熊猫基地半自由行,/2019/11/10,4,1500,闺蜜,穷游,4135
潮州,潮州胡吃海塞瞎玩三天半,/2019/11/07,4,1200,三五好友,第一次 赏秋,6054
台州,山海台州渔村故事，初秋的温岭独具浪漫,/2019/10/25,3,2000,三五好友,深度游 短途周末 自驾,1.5万
武当山,徒步五龙宫独游武当山,/2019/10/27,4,2700,独自一人,深度游 徒步 摄影 赏秋,4386
德黑兰,探索淳朴的波斯帝国之伊朗小记（持续更新中）,/2019/10/01,8,1730,独自一人,第一次 穷游 美食 国庆,782
杭州,千面萧山，在旧时光里追忆最美江南,/2019/11/04,2,1000,三五好友,深度游 短途周末 古镇,3.9万
北京,为！故都的秋！,/2019/11/02,3,2000,闺蜜,第一次 穷游 赏枫 赏秋,921
成都,喝茶、撸串、逛书店，长途自驾后的成都休闲时光,/2019/10/13,4,2000,三五好友,美食,7.7万
无锡,太湖之上，再会无锡秋日最美的时刻。,/2019/11/06,2,2000,三五好友,摄影 赏枫 古镇,2.6万
顺德,不是网红做的游记的游记,/2019/11/02,4,2000,三五好友,第一次 美食 古镇 赏秋,2万
镇江,西津渡最强攻略｜打卡镇江“新”地标，与古渡来一场千年的对话！,/2019/10/19,2,1000,三五好友,短途周末 美食 摄影,3万
牡丹江,有一种雪❄️只有去过雪乡才会懂,/2019/11/02,3,800,情侣,短途周末 冬季,2.3万
西安,长安美食十二时辰丨愿每个时辰都有美食温暖你的胃,/2019/10/15,1,800,三五好友,自驾 美食 夏季 冬季,4.6万
成都,生活有你，美食有我‖和我一起感受与众不同的美食,/2019/10/24,3,1500,闺蜜,短途周末,1万
重庆,勒是雾都！时隔几年再游山城重庆,/2019/10/22,4,1521,独自一人,深度游 摄影 冬季,1.4万
文成,旅游浙江最美小城，风景秀丽还是名人故里,/2019/10/29,4,2000,情侣,短途周末 美食 摄影,3.7万
文成,浙江秘境文成里的大好风光,/2019/11/02,4,2500,三五好友,深度游 徒步 温泉 赏秋,38
深圳,打卡深圳福田，亲身感受南粤之都的魅力,/2019/10/20,3,2500,三五好友,美食 摄影,3199
三亚,三亚有我甜甜的恋爱,/2019/10/17,6,2000,情侣,深度游,1.2万
曲阜,周末自驾尼山圣境，近距离感受儒家文化,/2019/10/13,2,1000,家庭,第一次 短途周末 自驾 国庆,2.2万
温州,浙里文成，伯温故里，畅享一场山水与文化交融之旅！,/2019/10/24,4,1200,三五好友,自驾 美食,1.9万
成都,成都美食，给我上了一课,/2019/09/29,3,1000,三五好友,美食 摄影,2.7万
仙本那,蓝色伊甸园——干杯！痛饮仙本那这杯完美佳酿,/2019/08/22,7,2500,情侣,深度游 穷游 潜水 暑假,1万
潮州,10月潮汕行完美的旅程！值得推荐的地方！,/2019/10/21,5,2000,亲子,第一次 海滨海岛 赏秋,4.3万
青岛,青岛浮山、山东大学毕业游之二,/2019/06/01,2,500,独自一人,短途周末 徒步 美食 夏季,4957
济南,陪老妈6日玩转泰山、济南全攻略,/2019/10/19,6,2700,家庭,美食 赏秋,5572
张家港,慢行张家港，这个秋日里的宝藏亲子游,/2019/10/12,2,1000,亲子,短途周末,7922
苏州,走进五彩沙洲，享受难忘的亲子时光,/2019/10/12,3,1000,亲子,短途周末 美食 温泉 赏秋 国庆,6万
华山,华山深度3日游,/2019/10/19,3,1500,闺蜜,深度游 赏秋,1.4万
扬州,扬州三日江南秋日里的广陵序曲,/2019/10/18,3,2500,三五好友,深度游 短途周末 美食 赏秋,2.8万
三亚,去三亚还能玩什么？请收下这份不逛“景点”的小众玩法攻略！,/2019/09/01,3,1500,三五好友,深度游 美食 摄影,8437
银川,神秘银川6日游,/2019/10/16,6,1500,家庭,第一次 国庆,1.2万
建水,探访滇南之旅——河口+建水两日游,/2019/10/21,3,500,家庭,第一次 短途周末,3.4万
平遥,河南，山西，陕西火车自驾游,/2019/01/21,8,2600,三五好友,深度游 寒假,5650
佛山,寻味顺德，人文艺术及美食探索之旅,/2019/10/15,4,1200,家庭,美食 古镇 夏季 国庆,1.8万
里斯本,暖阳里的葡萄牙,/2019/01/01,6,2400,独自一人,第一次 短途周末 跨年 圣诞,7292
杭州,【浙江.杭州.宋城】千年大宋一日还,/2019/10/08,3,900,家庭,自驾,1.8万
成都,海螺沟三日游,/2019/10/07,4,1800,家庭,短途周末 摄影 冬季 国庆,7.6万
兴城,兴城游记,/2018/10/16,2,300,独自一人,古镇,14.3万
厦门,厦门攻略二刷厦门，竟然如此好“呷”,/2019/09/12,4,2500,三五好友,购物 美食 摄影 夏季,3.9万
海西,我与祖国有个约会-国庆2500元自驾青甘环线+金塔胡杨林,/2019/09/28,8,2500,情侣,自驾 环游 国庆,400
西安,穿越千年之旅,/2019/09/29,4,2600,独自一人,第一次 国庆,6434
长沙,湖南四日游,/2019/10/04,4,2000,家庭,蜜月 国庆,5206
泉州,忙碌了一个国庆周，终于轮到我休息去玩啦~,/2019/10/08,4,1344,三五好友,海滨海岛,4507
贵阳,#深度攻略#姐妹情？！玩转贵阳之旅,/2019/10/03,7,2500,家庭,第一次 深度游 古镇 国庆,1241
上海迪士尼度假区,苏沪杭行记，云彩飘荡在水乡的记忆,/2019/10/05,5,2000,情侣,美食 蜜月 古镇 国庆,988
厦门,重走厦门，网红美食探店+景点打卡全攻略,/2019/10/01,4,2000,三五好友,深度游 国庆 寒假,8.8万
枣庄,八个月宝宝出游记,/2019/10/07,3,800,家庭,自驾 国庆,1.4万
德清,魅力德清四日游，享受悠闲的度假之旅,/2019/10/08,4,2500,三五好友,深度游 短途周末 自驾 国庆,5624
泰山,带着老妈去旅行2（五岳之行——泰山、嵩山）,/2019/09/26,6,2000,家庭,徒步 穷游 国庆,4156
,【我的国庆70周年华诞】西安观升旗+安康汉阴自驾游,/2019/10/09,2,324,情侣,短途周末 自驾 国庆,2.4万
张家界,闻你千遍，不如一见,/2019/09/27,5,1800,三五好友,第一次,4.5万
琼中,说走就走的自驾环岛之旅,/2019/10/02,5,1500,三五好友,深度游 自驾 环游 赏秋 国庆,3785
南京,2019国庆节南京自驾三日游,/2019/10/04,3,1000,家庭,深度游 自驾 美食 国庆,153
天津,天津3日游,/2019/10/03,3,1000,亲子,自驾 第一次 国庆,9.8万
景泰,包头～黄河石林3日游,/2019/10/03,3,750,家庭,自驾 赏秋,3031
潮州,潮州3日游,/2019/10/05,3,100,独自一人,美食 穷游 国庆,4805
成都,不按套路出牌的成都美食们,/2019/10/01,7,100,三五好友,深度游 美食,11.8万
重庆,"重庆中秋打卡---寻梦幻城堡,觅千年磁器口,赏洪崖洞璀璨灯火",/2019/09/12,3,1000,三五好友,深度游 美食 摄影 中秋节,2.7万
包头,包头～白洋淀3天自驾游,/2019/08/30,3,700,家庭,自驾 夏季,3841
龙游,漫步浙江龙游，享受这座小城娴静安逸的时光,/2019/10/05,2,1500,三五好友,美食 摄影 国庆,1.5万
成都,大头儿子，小头爸爸｜成都崽儿168小时。,/2019/10/05,7,2000,家庭,深度游 美食 摄影 国庆 寒假,11.1万
重庆,成都人眼中的重庆欢乐谷是个啥调性？感觉了一下，包你去就吐！呵呵……,/2019/10/01,1,500,家庭,第一次 深度游 国庆,4275
丹东,十月最“火”赏秋线路，自驾丹东，中国枫叶最红最艳的地方,/2019/10/06,3,500,三五好友,自驾 摄影 赏枫 国庆,4331
平遥,三天两晚，带你遇见平遥，领略古城魅力，解密你不知道的小知识,/2019/10/28,3,1500,三五好友,深度游,57.1万
太原,太原6日游,/2019/10/02,6,1700,家庭,国庆,3728
平遥,平遥，又见平遥！这份详实的平遥出行攻略，敬请收下,/2019/09/25,3,1000,三五好友,第一次 短途周末 摄影 国庆,11.7万
成都,【食色成都】12场味蕾与景色的双重盛宴,/2019/09/15,4,2000,闺蜜,自驾 中秋节,2.4万
平遥,时光静好｜初见平遥，又见平遥,/2019/09/25,2,1000,三五好友,短途周末 古镇 国庆,3.2万
三亚,搞砸了！五天四夜，我把三亚亲子游整成了三亚美食游。,/2019/09/20,5,1500,亲子,美食 海滨海岛,4555
郴州,广东的后花园隐匿的世外桃源—给你想要的湖南郴州,/2019/09/26,3,1000,情侣,短途周末 自驾 摄影 国庆,2439
蒙山,3天2晚，焕然一新的沂蒙山：你再也不是心中的旧模样,/2019/09/18,3,2000,三五好友,深度游 短途周末 美食 赏秋 国庆,1.2万
厦门,邂逅厦门，约会四天的浪漫小时光,/2019/09/17,5,2000,情侣,深度游 海滨海岛,4.8万
北京,远方不远，北京以北，你向往的自由与梦想都在这条天路,/2019/09/27,3,1000,三五好友,自驾 摄影 暑假 赏秋,7.6万
呼和浩特,匆匆塞北游，意兴阑珊归,/2019/09/18,4,2300,独自一人,美食 赏秋,6827
成都,从成都到峨眉，我只想在这里的街头走一走,/2019/09/26,2,2000,三五好友,深度游 国庆,4.8万
平遥,打磨时光，幽幽古镇双城记,/2019/09/21,3,800,亲子,短途周末,6.3万
深圳,打个飞的去深圳，过一个文化艺术的周末！,/2019/09/20,3,2000,独自一人,短途周末 摄影,4.1万
三亚,三亚亲子游—2晚海景2晚泳池别墅的轻奢之旅,/2019/09/20,5,2600,亲子,自驾 游轮 海滨海岛 赏秋,7.7万
塞罕坝,塞罕坝的秋景,/2019/09/16,2,600,三五好友,自驾 中秋节,4091
大理,3天2晚，遇见不一样的彩云之南,/2019/09/23,3,1000,三五好友,自驾 温泉 古镇 国庆,4.7万
犍为,“乐”不思“蜀”——川蜀双城记,/2019/09/22,3,1000,三五好友,自驾 美食 摄影 中秋节,3万
临沂,金秋九月自驾沂蒙，邂逅你最美的一面,/2019/09/15,3,1000,家庭,短途周末 赏秋 国庆,7.7万
三亚,台风天怎么逛三亚才好玩？即使没有艳阳天，依然是满满的度假感~,/2019/09/01,2,1500,三五好友,短途周末 美食,5772
三亚,来三亚海边度个假，与家人共赴一场休闲美食之旅！,/2019/09/21,3,2000,亲子,短途周末 美食 海滨海岛 中秋节,3.7万
天津,2016年2017年2019年三次亲子游天津,/2015/12/31,3,600,亲子,短途周末 自驾 冬季,5846
张家界,入初秋，跌进张家界的画卷里（三天两晚防坑指南),/2019/09/10,3,2000,独自一人,深度游 短途周末 摄影 中秋节,6.4万
本溪,十月最“火”自驾线路，枫叶之都辽宁本溪寻找最美的秋色,/2019/10/04,3,500,三五好友,自驾 摄影 赏枫 国庆,1068
余杭,迟到的约会，大径山禅意之行,/2019/09/09,3,700,三五好友,短途周末 自驾 中秋节 国庆,8.9万
佛山,@王鋆鋆［OCT主题乐园3日游］It'sShowTime五彩缤纷周末乐悠游,/2019/09/20,3,1500,三五好友,短途周末 摄影 夏季 国庆,3.9万
北京,首都北京单人5日游,/2019/09/08,5,1600,独自一人,第一次 深度游 美食,4万
合作,国庆自驾川藏滇藏怕高反忧路险不妨到这藏区海拔低路况好车辆少景美爆！,/2019/09/13,1,100,三五好友,第一次 自驾 摄影 中秋节,8235
武汉,早餐很棒，小龙虾无敌，说点带着孩子来武汉的注意事项，我们慢慢玩~,/2019/09/08,6,2000,亲子,美食 中秋节,2058
苏州,古韵苏州，古街与时尚的完美契合,/2019/09/10,3,1500,独自一人,短途周末 中秋节,3378
锦州,辽宁【盘锦-锦州】中秋/北京-红海滩-笔架山3日,/2019/09/13,3,1070,三五好友,短途周末 美食 摄影 中秋节,19.7万
哈尔滨,夏天里的避暑之旅——长春长白山满洲里哈尔滨,/2019/08/10,8,2500,亲子,自驾 美食 暑假,513
三亚,如果你不快乐，那就去看海吧！四天三晚，轻奢慵懒的三亚时光,/2019/09/10,4,2500,情侣,美食 海滨海岛,5.9万
九江,上苍之眼领略江南鱼米之乡嘉兴秀洲之美景,/2019/09/09,3,1000,三五好友,环游 端午,1.3万
青岛,环山东半岛1000公里四日自驾游,/2019/09/10,1,2200,家庭,自驾 中秋节,61.4万
北京,Hello，莆田！去百威中国啤酒博物馆，敬一杯酒给远方,/2019/09/11,2,2000,三五好友,深度游 夏季,1.8万
廊坊,金秋自驾京北第一天路，距离京城最近的秋色，走入仙境归来仍是少年,/2019/09/08,2,400,三五好友,第一次 自驾 摄影 中秋节 国庆,1530
贵阳,桐家的旅行——贵州西江千户苗寨、青岩古镇、中国天眼五日游,/2019/08/18,5,2000,亲子,摄影 暑假,4194
南浔,梦落南浔，难寻秋意,/2019/09/12,2,500,独自一人,短途周末 中秋节,2.9万
淮安,寻梦运河之都，与淮安的不期而遇！【淮安4天3夜深度游】,/2019/09/01,4,2000,三五好友,深度游 美食 摄影 国庆,5.6万
重庆,2019重庆游记,/2019/07/23,5,2000,家庭,第一次 夏季,14万
若尔盖,甘南迭部到阿坝若尔盖有一鲜为人知的秘道白龙江进大草原出亲眼看岷山神秘消失！,/2019/08/31,1,100,三五好友,第一次 自驾 摄影 暑假,7718
成都,遇见，成都—那些与美食相关的小美好，这里你都可以找到（4天3夜小众玩法）,/2019/08/08,4,1000,三五好友,短途周末 美食 摄影 夏季,12.6万
平遥,领略晋魂--晋北晋中游,/2019/08/17,8,2500,家庭,第一次 美食 古镇 暑假,6566
海宁,海宁盐官古城慢游记，中秋盐官观潮正当时,/2019/09/13,2,1500,三五好友,第一次 美食 古镇 中秋节,1.3万
成都,"不一样的成都,不一样的美食,探寻天府之国,寻遍江湖美味",/2019/08/30,4,1500,三五好友,美食,10.5万
可乐,2019年8月31日跟团去缅甸5晚7日游,/2019/09/11,5,2000,独自一人,第一次,2488
福州,“在福州市区三日游怎么玩？”看一个伪本地大学生的推理解答,/2019/09/10,3,700,三五好友,短途周末 夏季 冬季,3001
淮安,淮安3天2晚深度游，感受“中国运河之都”的多彩魅力,/2019/09/09,3,2500,三五好友,深度游 美食 古镇,15.4万
南昌,高铁在手，说走就走，看佛系玩家如何南昌这个火炉城市体验冰与火的激情,/2019/09/08,3,1600,闺蜜,短途周末 美食 摄影 暑假,2.5万
长沙,不以物喜不以己悲，八百里洞庭日月今安在,/2019/03/26,5,1120,家庭,第一次 穷游 踏春,10.2万
淮安,淮安|去淮安“掼”出不一样的花样（三天两夜游在淮安）,/2019/09/06,3,1500,三五好友,深度游 自驾 赏秋,4.1万
山海关,中秋十一去哪玩？跟着花橙旅游，开启北京、山海关两地三天欢乐模式,/2019/09/05,1,2000,独自一人,短途周末 自驾 中秋节 国庆,6261
垦利,东营丨黄河入海、孙武故里，初秋奇妙之旅,/2019/09/05,3,1500,三五好友,短途周末 中秋节,3.3万
合作,发飙的美仁草原炫丽的十里画廊A面绿染B面金黄国庆大假上上选,/2019/08/27,2,500,三五好友,深度游 自驾 摄影 暑假,3.5万
凤凰,『去哪儿第一记』那年九月夜未央追忆凤凰古城最美涟漪,/2016/09/13,3,800,家庭,第一次 美食 蜜月,2.2万
杭州,2019.8.31在杭州对夏日的完美告别,/2019/08/31,1,1000,独自一人,短途周末 夏季,2468
成都,国庆成都怎么玩？成都土著的第N次成都攻略必打卡地点指南,/2019/09/13,1,105,三五好友,短途周末 穷游 美食,2.6万
张家界,此次一游，都在路上——北纬30°,/2019/08/27,5,870,家庭,第一次 毕业游 古镇 暑假,7492
南京,南京三日游,/2019/08/23,3,1000,学生,第一次 暑假,6.6万
成都,天府之国是一座来了便不想走的城,/2019/07/30,3,2000,三五好友,第一次 美食 暑假,2.8万
南京,小球游中国之南京篇,/2019/08/28,6,1500,亲子,第一次 暑假,2.7万
三门,行至水穷处坐看云起时——2019“三门湾至味”发现体验之旅,/2019/08/21,3,2000,三五好友,徒步 美食 摄影 暑假,3.4万
曼谷,当地人带你玩泰国，趣味曼谷+悠闲清迈（含美食、娱乐、购物、住宿全攻略）,/2019/05/24,7,2000,情侣,深度游 购物 美食 夏季 暑假,3.9万
银川,收下这份宁夏玩乐地图（固原+中卫+银川）,/2019/08/01,7,2000,三五好友,美食 暑假,2.3万
连云港,二访大美之境—连云港花果山,/2019/08/24,3,2000,三五好友,深度游 短途周末 摄影 暑假,3.5万
广州,广州7天深度亲子游之吃喝玩乐篇,/2019/08/11,5,1500,亲子,深度游 美食 暑假,8438
玉溪,云南小众旅行地，最美湖景让人醉,/2019/08/18,4,2500,情侣,深度游 短途周末 摄影 赏秋,5.7万
济南,初春青岛之行,/2019/02/28,5,2000,独自一人,海滨海岛 冬季,58
广州,广州7天深度亲子游之玩在长隆,/2019/08/09,2,1200,家庭,第一次 暑假,8.3万
北京,2019暑假北京游记【超万字攻略，详尽无比】,/2019/08/06,6,2000,家庭,第一次 徒步 暑假,1万
神农架,说走咱就走，神农架5天，自由行,/2019/08/15,5,1500,家庭,第一次 深度游 暑假 夏季,21.3万
厦门,又见AMOY（鹭岛厦门）,/2019/09/18,1,2500,家庭,深度游 古镇 海滨海岛,466
全南,解锁私藏小众地｜广东的后花园，江西的长寿乡,/2019/08/10,2,700,三五好友,第一次 短途周末 自驾 夏季 暑假,3.1万
深圳,三天两晚国家级旅游度假区邂逅华侨城文化旅游节，带着花橙漫游所城,/2019/08/28,3,2000,独自一人,深度游,5.5万
阿坝,探秘遗落人间的仙境，与阿坝的不期而遇！,/2019/08/08,3,2000,三五好友,深度游 中秋节 国庆,8.6万
成都,带着老爸老妈游四川~峨眉成都六日游记,/2019/08/11,7,2500,家庭,深度游 自驾 摄影 夏季 暑假,6130
重庆,38°暴晒下的“闹心”之行,/2019/08/12,5,2300,家庭,第一次 美食 暑假,275
福鼎,福建最有趣的一座山，有生之年，一定要去一趟,/2019/07/27,2,1000,三五好友,深度游 短途周末 摄影 夏季,1.1万
天津,俯天津之眼🎡，童年动物园🦁，民国特色馆🏕游海洋公园🐬天津亲子3日游👪,/2018/08/10,3,650,亲子,美食 摄影 短途周末 人文 漫游 夏季 暑假,2398
昆明,放飞心灵打卡之旅：昆明—弥勒—普者黑—乌蒙大草原7日游,/2019/08/11,7,2200,三五好友,第一次 自驾 暑假,5164
广州,想打死同伴的广州三日游,/2019/08/13,3,2680,三五好友,第一次 美食,82.8万
成都,孤独患者寻味记,/2019/08/01,5,1000,三五好友,美食 暑假,11.7万
杭州,被利奇马挽留的杭城之美,/2019/08/16,3,1500,独自一人,短途周末 美食,3378
贵阳,去贵阳花溪，避暑热，学儒家，拜孔子,/2019/08/10,2,1000,亲子,短途周末 穷游 古镇 暑假,2.6万
重庆,重庆4日游（内附干货！）,/2019/08/15,4,2000,学生,第一次 美食 夏季,4945
西双版纳,三口之家科普自驾游-雅安熊猫基地-红军强渡大渡河-西双版纳植物园-昆明西山龙门,/2019/08/03,8,2600,家庭,自驾 美食 暑假,2092
阳朔,八月，桂林阳朔3日休闲游，一场歌舞唱响八桂大地,/2019/08/14,3,2000,三五好友,深度游 夏季,8.8万
阳朔,"广西桂林,龙脊梯田,阳朔端午自驾3日游",/2019/06/07,3,1000,家庭,自驾 端午,745
宝鸡,宝鸡大水川景区三日游,/2019/08/02,3,1000,亲子,自驾,3.2万
承德,"承德,乌兰布统,塞罕坝6日家庭自驾游！",/2019/07/29,6,1100,家庭,自驾 夏季,4866
南京,2019暑假南京亲子慢游8日,/2019/08/09,8,2000,家庭,第一次 暑假,2813
长沙,憨居居慢节奏之旅,/2019/08/12,6,1500,学生,毕业游 夏季,2118
长春,长春游记,/2019/08/02,1,150,独自一人,徒步 穷游,10.4万
宁波,宁波两日，好的天气自然是好心情,/2019/08/01,2,1500,独自一人,第一次 短途周末,4.1万
兰州,“兰州”不会把你当旅人，会把当一个多年未曾相识的老朋友。,/2019/08/09,3,800,独自一人,短途周末 骑行 美食 五一 国庆,4.8万
宁波,蓝天白云突然暴风雨，跟着我换个地方过周末,/2019/08/04,2,500,三五好友,短途周末 美食,3193
西安,到长安城探访历史的足迹,/2019/08/09,6,2000,亲子,美食 徒步 暑假,4000
黄山,黄山+宏村四日三晚亲子游,/2019/08/03,4,2000,亲子,第一次 古镇 短途周末 暑假 夏季,5018
日照,带你看我眼中的日照，看花、赏竹、游泳、航拍，这样玩才最嗨！,/2019/08/06,3,500,三五好友,深度游 短途周末 自驾 暑假 中秋节,1.1万
北京,北京8日游,/2019/07/10,8,2200,三五好友,第一次 深度游 穷游 暑假,2540
鼓浪屿,三口之家的厦门亲子游记,/2019/07/31,3,2300,家庭,第一次 美食 摄影 暑假,9.5万
卓尼,离天堂最近仅一座城一块石一个寺一条沟就迷死人想知道它在哪儿吗？,/2019/07/24,2,600,三五好友,第一次 深度游 自驾 夏季,8.3万
景德镇,这个暑假，跟着“杰伦女孩”去景德镇过涨知识的周末,/2019/07/27,2,1000,三五好友,短途周末 美食 古镇 夏季,1.6万
青岛,青岛金沙滩🌊崂山望胶东🏞赏蓬莱仙境📸清爽长岛游🏖亲子8日游👩‍👦,/2019/07/17,8,2300,亲子,海滨海岛 美食 摄影 夏季 暑假,7298
五台山,心之所往，我的五台山朝圣之旅,/2019/07/19,4,1300,三五好友,徒步 夏季,5517
洛阳,暮春时节赏牡丹游嵩山看开封,/2019/04/24,5,2300,闺蜜,穷游,5378
永嘉,诗画浙江，山水秉承，与你漫步在悠悠楠溪江,/2019/07/27,3,1500,三五好友,深度游 短途周末 摄影 夏季,10.6万
小金,纯净小金，拥有让人震撼之美，也是凉爽的避暑胜地,/2019/08/04,3,2000,情侣,第一次 短途周末 徒步 夏季 暑假,6.3万
楠溪江,逃离高温酷暑，来楠溪江过个清凉夏日，寻瀑布乘竹筏看美景,/2019/08/03,3,1000,三五好友,第一次 自驾 夏季 暑假,3万
珠海,广州出发！上班族周末的正确打开方式——珠海悠闲2日游,/2019/08/03,2,500,闺蜜,短途周末 摄影 海滨海岛 夏季 暑假,3065
句容,夏日仙居茅山之上,/2019/07/26,3,2000,三五好友,短途周末 徒步 摄影,4310
海西,4天3夜，西北自驾の青海夏日风光大赏,/2019/08/02,4,2000,家庭,短途周末 自驾 摄影 夏季 暑假,3581
怡保,偷一点时间，去感受西马的温柔夏夜,/2019/08/02,5,2000,闺蜜,短途周末 摄影 夏季,1272
文成,消夏避暑自驾文成，带你感受浙南山水的清凉之意,/2019/07/26,3,1800,三五好友,深度游 自驾 摄影,6.6万
成都,浮生一日成都十二时辰旅行攻略实记,/2019/07/27,1,150,三五好友,短途周末,8.5万
铁岭,铁岭游记,/2016/07/31,2,200,独自一人,徒步 穷游,19.7万
抚顺,抚顺游记,/2017/05/30,2,200,独自一人,徒步 穷游,9.6万
小金,转山转水遇上四姑娘山，在川西体验最美户外天堂丨四姑娘山攻略,/2019/06/05,4,2000,三五好友,徒步 摄影 探险 夏季,1.5万
青海湖,今后，永远不会在同一个时空中邂逅同样的诗意——七月青海湖行记,/2019/07/23,3,500,情侣,深度游 自驾 摄影 暑假,1.1万
武汉,花点时间游武汉·三天两夜武汉自驾,/2019/07/29,3,2000,三五好友,深度游 短途周末 自驾 夏季,3.2万
广州,广州长胖记|不能错过的日料美食,/2019/07/13,3,1500,情侣,美食 夏季,2.5万
顺德,一个人也要寻味顺德，暴雨、孤独和坏心情都阻止不了吃货的心,/2019/07/22,2,1400,独自一人,短途周末 美食,5.2万
青岛,青岛，是夏天的味道,/2019/07/18,3,2300,独自一人,第一次 夏季,9.7万
大同,我们的自驾大同之旅,/2019/06/22,2,1200,情侣,短途周末 自驾 美食 踏春 夏季,1538
文成,三天两夜玩转”长寿之乡”温州文成,/2019/07/26,3,799,三五好友,第一次 自驾 摄影 夏季,4.3万
大连,2019暑假大连亲子6日游,/2019/07/21,9,2300,家庭,第一次 暑假,86.5万
文成,三日游文成—在江南小镇里寻找慢时光【暑假小众景点打卡推荐】,/2019/07/26,5,2000,三五好友,深度游 摄影 暑假,8.9万
普吉岛,普吉岛跟团游是一种什么体验？多图航拍视角跟大家讲解。,/2019/07/26,5,2999,三五好友,第一次 潜水 夏季,10.9万
重庆,成都啊成都，重庆啊重庆~,/2019/07/08,7,2200,家庭,第一次 美食 夏季,5300
厦门,厦门｜时光往复，我愿爱你如初,/2019/07/12,3,1000,闺蜜,短途周末 暑假,5.2万
武陵源,故地重游，三天两夜探寻张家界的吃喝玩乐,/2019/07/24,4,2500,独自一人,穷游 摄影 暑假,4.1万
张家界,时隔四年再来张家界，重温科幻般的绝世风光,/2019/07/24,3,2500,三五好友,深度游 摄影 暑假,5万
长沙,君幸食：味觉长沙（长沙四天三夜家庭游）,/2019/07/19,4,2000,家庭,短途周末 暑假,3136
乌镇,这个夏天，带娃去乌村体验陶渊明笔下的桃花源，来乌村参加夏令营吧！,/2019/07/07,3,1000,亲子,短途周末 自驾 暑假,2.7万
成都,打卡小众景点，遍寻成都网红美食！唯有爱与美食不可辜负～,/2019/07/05,3,2000,三五好友,深度游 短途周末 美食 暑假,5.7万
西安,西安，历史与美食交错的一场旅程,/2019/05/18,5,2500,闺蜜,第一次,1015
桂林,从阳朔到桂林，遇见米粉遇见你|五天四夜在桂林,/2019/07/16,1,2000,闺蜜,第一次,6617
西安,端午游西安登华山,/2018/06/15,5,2100,闺蜜,穷游 端午,5.3万
黄山,梦幻徽州我来啦！（内含多图）,/2019/07/10,7,2500,三五好友,第一次 暑假 夏季,9312
厦门,【游记】住在这里后，我再也不想去鼓浪屿了！,/2019/06/21,2,1000,三五好友,美食 摄影 海滨海岛 夏季,9.1万
巩留,尼勒克百里画廊闻名遐迩殊不知天山深处还有一个而且是世界遗产！,/2019/06/24,1,300,三五好友,第一次 深度游 自驾 夏季,2.6万
伊犁,听别人说看网上图等于零只有切身自驾一回伊昭公路你才知道这条路有多销魂！,/2019/06/20,1,150,三五好友,第一次 自驾 摄影 夏季,8382
上海,三天两夜的魔都游，是什么和迪士尼最配？,/2019/05/01,3,1800,情侣,短途周末 美食 古镇 五一,3.6万
杭州,左手遗址文明，右手现代艺术，我在良渚寻访江南源头,/2019/07/16,3,800,三五好友,深度游 短途周末 摄影,5万
黄山,期待遇见美绝的黄山,/2019/07/05,3,2000,闺蜜,第一次 夏季,1590
杭州,【苏杭】忙里偷闲下苏杭，夏日里的穿越小确幸,/2019/07/15,3,2500,家庭,深度游 短途周末 摄影 夏季 暑假,3.8万
三亚,三亚海滩度假，玩转盛夏，穿越千古情缘,/2019/07/03,3,1500,独自一人,短途周末 骑行 摄影 暑假,2.2万
恩施,【恩施漫步】风吟浅夏，绿染流光。（恩施小长假之行）,/2019/05/01,4,1500,家庭,第一次 徒步 摄影 五一,6万
镇江,何处望神州——镇江逛吃两日游,/2019/07/06,2,500,闺蜜,第一次 短途周末 夏季 暑假,2995
成都,【成都攻略】必吃的地道网红美食店，游玩成都周边景点,/2019/06/28,3,1500,三五好友,美食 夏季 暑假,7.1万
丽江,暑假遛娃好去处，给你一个不一样的丽江！,/2019/07/04,1,2000,亲子,深度游 古镇 暑假,3.4万
青岛,倾泉音、恋海鸣，尽管世事如书，但我偏爱红瓦绿树的那个初夏,/2019/05/01,4,2800,三五好友,美食 摄影 五一 漫游 海滨海岛,2.4万
敦煌,没想到，真有人在大漠建了一座能看星星的边城驿站,/2019/07/01,5,2800,独自一人,短途周末 穷游 摄影 暑假,3.1万
黄山,二刷黄山，重温徽州文化的皖南韵味,/2019/07/03,3,1500,独自一人,深度游 古镇 夏季,2547
格尔木,雪山溯源，昆仑之巅,/2019/06/26,5,1500,三五好友,深度游,7599
成都,3天2夜，行走成都大街小巷，探秘9处火到爆棚的网红景点和餐厅,/2019/07/09,3,2500,独自一人,深度游 美食,7.5万
香港,盛夏亲子游攻略丨到香港迪士尼和“玩具”朋友一起“打水仗”,/2019/06/26,2,2000,亲子,短途周末 夏季 暑假,3.4万
三亚,海南三亚5日自驾横跨琼州海峡在东方夏威夷浪漫一夏,/2018/04/18,5,2000,三五好友,自驾 摄影 海滨海岛 夏季,1.2万
海口,海南小众游|给我三天时间local带你玩转海口周边（茶园起舞，品旧时光）,/2019/06/07,3,1000,闺蜜,自驾 美食 摄影 夏季,4万
常熟,3天2晚清凉沙家浜：清凉赏荷、芦荡泛舟、久住水上人家,/2019/07/05,3,1500,情侣,深度游 自驾 古镇 夏季,5.1万
厦门,享受海浪的声音，请让厦门的度假时光更慢一些,/2019/06/24,3,2500,独自一人,短途周末 美食 温泉 暑假,3万
成都,再遇成都【这是一次文艺的寻“胖”之旅】,/2019/06/07,4,2000,三五好友,深度游 美食 摄影 夏季,7.1万
秦皇岛,72h探秘、360°海陆空体验--秦皇岛渔岛海洋温泉度假区,/2019/06/18,3,1500,情侣,美食 温泉 海滨海岛,7.5万
成都,六月成都之旅，打开天府之国的小众玩法,/2019/06/25,5,2500,情侣,深度游 美食 摄影 暑假,11.8万
马尼拉,免签入境菲律宾，日上购物，马尼拉过周末（含日本三年签入境菲律宾攻略）,/2019/06/22,2,1000,三五好友,短途周末 购物 海滨海岛,7901
石台,诗意石台·从壹到拾叁，遇见不一样的风景,/2019/06/21,4,2000,三五好友,深度游 夏季,4.7万
石台,寻道李白秋浦歌，游安徽石台山川和溪河,/2019/07/02,4,1200,三五好友,深度游 夏季,1465
昌黎,我和夏天有个约定：渔岛小记,/2019/06/22,3,1500,三五好友,美食 温泉 寒假,5.3万
日照,单车自驾：海天盛筵，另一个角度游日照,/2019/06/21,6,2000,情侣,自驾 美食 海滨海岛 夏季,4.1万
哈尔滨,哈尔滨丨在这座年轻的老城市下午，我吃了四根马迭尔,/2019/06/20,3,1200,三五好友,短途周末 夏季,5.5万
大连,沿海北上，来一场毕业旅行,/2019/06/24,5,2500,独自一人,毕业游 摄影 海滨海岛 夏季 暑假,2.1万
厦门,厦门，不知道去哪的时候就会来这里,/2019/06/06,3,1500,三五好友,短途周末 美食 海滨海岛 端午,5191
崇左,广西崇左，这是一个什么神仙地方？【超小众广西路线推荐】,/2019/06/20,1,1500,闺蜜,深度游,6409
清迈,清迈四天漫游——寻找一个关于生活的答案#写游记拿旅行基金#,/2019/05/11,4,1900,独自一人,深度游,4.4万
上海,【为了体验磁悬浮列车】一次说走就走的旅行GOTo上海-西塘5日游,/2017/02/25,5,2400,亲子,美食 寒假,2591
香港,寻找港味，48小时遇见一个市井香港#写游记拿旅行基金#,/2019/06/07,2,500,三五好友,短途周末,4.7万
成都,周末自驾成都，玩转成都各大文艺地,/2019/06/19,3,2000,三五好友,深度游 摄影 五一 中秋节,8.7万
南京,【子欲养而亲还在】南京穿着汉服带着奶奶去旅行来一场现代与历史的碰撞,/2019/06/19,3,800,家庭,第一次 夏季,8.2万
日照,日照海边亲子度假之旅，宝贵经验告诉你,/2019/06/26,3,500,家庭,第一次 短途周末 自驾 暑假 国庆,1.1万
西双版纳,暑期哪里玩，就去西双版纳中缅第一寨勐景来，超多美女美景美食等你来,/2019/06/25,3,1000,家庭,自驾 美食 摄影 暑假,12.4万
成都,四天三晚，成都那些让人念念不忘的美食和美景,/2019/06/13,4,2500,三五好友,深度游 端午,12.4万
黄山,千年历史浓缩的城市，还有宜人的自然风光#写游记拿旅行基金#,/2019/06/15,2,700,三五好友,短途周末 摄影 暑假,1336
扬州,#写游记拿旅行基金#青山隐水声声慢，灿烂六月下扬州,/2019/06/01,2,400,闺蜜,短途周末 美食 古镇 夏季,2.7万
成都,寻味一夏，乐玩蓉城48h，深陷美食美景漩涡，其乐无穷,/2019/05/15,2,2000,三五好友,短途周末 美食 摄影 夏季,4047
商河,孟夏的商河--特色美食美景全攻略,/2019/05/01,7,1000,独自一人,深度游 夏季,6万
三亚,远离客流景区，在三亚一样可以享受天蓝海蓝美味飘香的度假时光,/2019/06/09,7,2980,三五好友,美食 摄影 海滨海岛,1.9万
厦门,【攻略】带娃来厦门亲子游，必去的几个寓教于乐小众景点！,/2019/06/19,3,1000,亲子,海滨海岛 暑假,5.9万
江口,上海至铜仁梵净山、湘西凤凰古城四日自由行,/2019/06/18,4,2700,情侣,短途周末 端午 夏季,5.3万
北京,提灯夜游司马台长城，看星空璀璨，古北水镇你可以这样玩,/2019/06/11,3,2000,三五好友,短途周末 自驾 美食 夏季 暑假,1.5万
日照,元气三姐妹の日照海滨度假之旅,/2019/06/17,3,800,家庭,短途周末 海滨海岛 端午,2万
厦门,厦门的夏天，有情怀有风景有故事还有你——厦门亲子的不二选择,/2019/05/24,1,2000,亲子,短途周末 自驾 摄影,5.7万
厦门,独自带娃出逃记，湿漉漉的厦门三日之旅，附史上最详细厦门科技馆攻略,/2019/06/02,3,600,亲子,短途周末 美食,3.8万
哈尔滨,没有冰雕依然心动的哈尔滨,/2019/04/05,3,2000,学生,第一次 深度游 美食 清明 踏春,1742
芽庄,越南芽庄，和想象中差距有点大(4日休闲游）,/2019/05/22,4,1600,学生,穷游,4.1万
厦门,厦门☆这里很美，而我们正好有空~,/2019/06/01,4,2500,亲子,短途周末 端午,10.8万
日照,日照自驾游攻略——日照最美的金沙滩，你可曾来过？,/2019/06/13,2,500,亲子,短途周末 自驾 美食 五一 暑假,9435
老挝,老挝勐赛走进森林两天一晚游,/2019/06/09,2,1200,三五好友,深度游 短途周末 自驾 夏季,6.5万
成都,蓉城寻吃记在吃货与文艺咖之间自由切换,/2019/06/03,3,1000,三五好友,美食,7.9万
苏州,苏州本地人带你一起玩转苏州城避开游玩漏洞（内附苏州三日游详情）,/2019/06/12,3,500,闺蜜,短途周末 毕业游 穷游 端午 夏季,11万
东戴河,【北京周末自驾游】跟着“后备箱营地”去扎营，一起做这片沙滩🏖最令人羡慕的崽,/2019/06/07,2,400,三五好友,自驾 穷游 美食 端午,2220
邛崃,成都周边，避暑，玩水，采摘，带娃好去处，强烈推荐--天台山,/2019/06/08,3,420,三五好友,自驾 美食 古镇 端午,3.6万
山海关,端午自驾北戴河实用攻略,/2019/06/07,3,600,家庭,自驾 端午,3万
昌黎,河北【乐亭-昌黎】北京出发-六月端午节，京东醉美海岛3日,/2019/06/07,3,1400,三五好友,自驾 摄影 海滨海岛 端午,1.4万
济南,你要的“泉”拿走。,/2019/06/08,2,1000,情侣,短途周末 徒步 端午,1293
原州市,独自去社交网站最红的旅游景点,/2019/05/04,2,590,独自一人,短途周末 美食,1.5万
峨眉山,蜀中有仙山，峨眉自古奇——峨眉山奇幻之旅！,/2019/06/01,3,800,独自一人,深度游 徒步 探险 端午,1.2万
呼和浩特,蒙古汉子带你玩转内蒙古，玩转呼和浩特，经典草原沙漠5日游攻略,/2019/07/15,5,800,三五好友,深度游 自驾 环游 夏季 暑假,2477
开封,开封旅游，一边游一边吃一边吐槽~,/2019/06/10,3,1900,情侣,美食 端午,52.1万
西安,又见长安——寻古之旅,/2019/06/03,3,2000,独自一人,摄影 端午,4578
恩施,用脚步丈量的绿野神踪——恩施,/2019/05/01,4,2200,三五好友,第一次 短途周末 徒步 五一,12.6万
顺德,怪味顺德，等位广东，美食之行？战斗之旅！#写游记拿旅行基金#,/2019/05/01,3,865,三五好友,美食 五一,4483
伦敦,花甲阿姨暴走伦敦，绿色出行赢在pass,/2018/06/30,5,2400,三五好友,深度游 徒步 夏季,5208
三亚,三亚攻略，教你如何花最少的钱，玩转不一样的三亚,/2019/05/27,4,2000,情侣,深度游 购物 摄影 美食 夏季,6694
三亚,三亚攻略，尽享三亚的日光浴与魅力色彩的热带岛屿,/2019/05/02,2,2000,三五好友,深度游 徒步 摄影 美食 夏季,2.7万
平遥,【平遥古城自助游攻略】你想知道的信息，这篇里都有~,/2019/06/06,3,2000,三五好友,古镇 购物 摄影 美食 端午,1.9万
玉溪,打卡昆明自驾周边游新地标：云南澄江寒武纪小镇,/2019/05/31,3,2000,三五好友,短途周末 自驾 摄影 海滨海岛 夏季,4.6万
银川,有一份牵挂在宁夏,/2019/05/13,7,2800,家庭,自驾 五一,1461
兰州,兰州、青海四日游,/2019/05/29,5,2000,独自一人,短途周末,1886
大理,不如去大理|大理五月五日行记,/2019/05/20,5,2000,独自一人,自驾 环游 古镇 美食 人文,3.6万
兰州,"十蚊鸡游兰州,体验大西北似火热情",/2019/06/01,3,2000,家庭,第一次 漫游 美食 夏季,10.8万
香港,沙雕姐妹花暴走香港大澳，一个你没了解过的彩色离岛,/2019/05/21,2,800,闺蜜,短途周末,5.1万
西递,夏日物语，到西递做一场水墨田园梦,/2019/06/04,3,2000,亲子,短途周末 古镇 夏季,2.5万
泉州,@王鋆鋆【石狮黄金海岸】“一船”“一寺”“一观音”，探索巨轮里的海洋馆,/2019/06/03,2,1500,三五好友,短途周末 摄影 美食 踏春,3.2万
桂林,崀山兴安（灵渠）桂林阳朔非自驾3日一人游,/2019/05/31,3,1000,独自一人,第一次 夏季,5957
云台山,何以解忧，唯有旅行！在未知的途中遇见未知的自己！,/2019/05/22,5,1500,三五好友,第一次 夏季,4292
北京,金秋十月，陪你在帝都的街头走一走……,/2018/10/04,4,1500,亲子,人文 国庆,5776
成都,端午节去哪玩？一起去成都吃吃喝喝（内涵成都网红店攻略）,/2019/05/31,3,1800,三五好友,短途周末 美食 端午,5066
天津,印象.天津,/2019/05/01,3,1200,亲子,第一次 五一,3.2万
丘北,丘北普者黑三日游玩不容错过的地方和酒店，真的很棒哦,/2019/05/01,3,1500,三五好友,自驾 人文 五一 夏季,5.8万
成都,成都小众景点人少还文艺，72小时也能玩的巨开心,/2019/05/27,3,1500,独自一人,短途周末 徒步 美食 端午,5.9万
拉穆,前行的道路充满了冒险和刺激，你，准备好了吗——内蒙古包头希拉穆仁之娱乐篇,/2018/07/27,30,110,三五好友,第一次 深度游 短途周末 穷游 自驾 骑行 徒步 毕业游 摄影 美食 蜜月 探险 端午 夏季 暑假 冬季,3.6万
南京,纵贯南北寻古今的三省之旅,/2019/05/11,12,2989,独自一人,穷游,6.1万
泸沽湖,泸沽湖实用详细攻略,/2019/05/19,3,800,独自一人,第一次 深度游 自驾 环游,12万
大连,啊！达里尼！,/2019/05/17,2,680,家庭,第一次 短途周末 穷游 踏春,1082
常州,茅山下的新晋网红景点，常州宝盛园周末撒欢记,/2019/05/17,3,1500,三五好友,短途周末 自驾 探险 夏季,2.2万
上海,2019年4月（14日-21日）上海、厦门8日游（红色旅游第二集）,/2019/04/14,8,2500,家庭,漫游 清明,3062
成都,四天三夜，成都网红景点和美食全攻略！,/2019/04/25,4,2000,三五好友,深度游 美食 人文 踏春,15.7万
乌兰布统草原,河北【木兰围场】乌兰布统与塞罕坝，周末2日,/2017/08/19,2,1050,三五好友,短途周末 自驾 摄影 夏季,3851
陵水,陵水三天二夜游，享受最舒适的度假旅行,/2019/05/16,4,2900,情侣,深度游 摄影 海滨海岛,5.6万
云和,探寻神秘村落，定格山水丽影，丽水，你若走进，清风自来,/2019/05/01,6,1400,家庭,自驾 摄影 五一,2.3万
金坛,常州宝盛园·打卡江浙沪小众度假团建地,/2019/05/15,3,1800,三五好友,深度游 踏春,7.2万
青岛,青岛游记——在路上遇见勇敢的自己,/2019/05/01,4,1000,学生,穷游 五一,5.3万
宁德,【霞浦】等待光线，我与阳光的距离不再是一个黑洞！,/2019/05/19,4,1500,独自一人,短途周末 自驾 端午 夏季,2.4万
成都,打卡成都游网红景点美食必选之地,/2019/05/19,3,2000,三五好友,摄影 美食,5.2万
常州,2019年4月（9日-14日）南京、常州4日游(红色旅游第一集）,/2019/04/10,1,1000,家庭,漫游 清明,3147
张家界,张家界（大峡谷天门山凤凰芙蓉）5天4夜实用攻略,/2019/05/11,5,1000,独自一人,第一次 古镇,8128
成都,打卡网红川渝之都，美食观景两不误——成都二日游漫谈,/2019/05/11,2,1500,三五好友,深度游 短途周末 美食 人文,4万
呼伦贝尔,春夏秋冬，记录呼伦贝尔远方的诗！干货提炼记,/2019/05/16,6,2100,三五好友,第一次 深度游 穷游 环游 毕业游 摄影 五一 端午,3.2万
杭州,和小仙女一起去旅行-杭州,/2018/12/06,3,2500,情侣,短途周末 摄影 美食 冬季,1048
桂林,2天一夜周末游火爆胜地,/2019/05/11,2,1000,三五好友,美食 古镇 短途周末,3935
高台,两万西路军将士喋血河西走廊被尘封半个世纪真真相在张掖高台！,/2019/04/30,1,100,三五好友,第一次 深度游 自驾 人文 五一,8066
泰山,五月，带妈妈纵游山海之间——泰山+威海4日游记,/2019/05/01,4,2500,亲子,第一次 漫游 五一,6011
日照,日照自驾游，海边浪漫的亲子时光,/2019/05/14,3,500,家庭,深度游 短途周末 穷游 自驾 古镇 购物 摄影 美食 海滨海岛 踏春 清明 五一 端午 夏季 暑假 中秋节 国庆,8.5万
宁海,90分钟高铁，去探寻低调小城宁海,/2019/05/04,4,2000,三五好友,古镇 人文,5.2万
宁海,宁海，去山海之隅赏世外桃源，三天两晚回归田园之旅,/2019/05/14,3,1500,三五好友,深度游 踏春 夏季,5.9万
潜山,走进北纬30°的天柱山，一处风光秀丽又神秘的地方,/2019/05/11,3,2000,三五好友,第一次 深度游 徒步 夏季,5.1万
承德,小鲁面の紫塞明珠—小城市有大惊喜『教你玩转经典承德』,/2019/05/01,4,1000,三五好友,深度游 美食 摄影 踏春 五一,10.2万
瑶里,【景德镇x瑶里古镇】浮生一世，瓷都千年。,/2019/04/05,2,680,闺蜜,第一次 短途周末 徒步 古镇 摄影 美食 踏春 清明,3.8万
拜县,流浪拜县---泰缅交界,/2019/02/10,15,1500,独自一人,第一次 深度游 穷游 漫游 温泉 春节,5.4万
金门,2019年4月（22日-25日）厦门、金门4日游看看无障碍设施,/2019/04/22,4,1500,家庭,漫游 清明,2967
临沂,四天三夜玩转临沂，打开山东第一大山的吃喝玩乐之旅,/2019/04/27,4,2800,三五好友,摄影 五一,19.5万
新加坡,一人三国七城19天的旅行之路--那些踩过的坑和被套的路之新加坡站,/2019/01/24,5,2000,学生,第一次 深度游 人文 寒假,2.9万
扬州,春风十里扬州路,/2019/04/30,5,2300,家庭,第一次 五一,1496
厦门,2019.4.30-5.4厦门春暖花开,/2019/04/30,5,2000,闺蜜,第一次 五一,1610
下川岛,下川岛的美景，是你想象不到的美。,/2019/05/06,2,600,家庭,短途周末 美食 摄影 春节 国庆,79.9万
三亚,三亚|小长假想和你去最南端看最美的大海、吃最鲜的海味、听最浪漫的海风~,/2019/05/06,5,2000,情侣,古镇 摄影 美食 海滨海岛 五一,2.1万
宁武,【山西】芦芽山，雁门关，娘子关4日自驾实用攻略,/2019/05/01,4,1300,三五好友,短途周末 自驾 摄影 五一,2.8万
厦门,厦门4天三晚半深度游,/2019/05/02,4,1000,情侣,第一次 五一,23.6万
桂林,五一桂林游记（又名如何在旺季假期畅游桂林兼防掉坑指南）,/2019/05/01,4,2500,闺蜜,五一,2.3万
南京,南京6日游,/2019/04/30,6,2500,家庭,漫游 美食 人文 五一,1072
三亚,【海南】教你如何花最少的钱，玩转不一样的海南,/2019/04/21,4,2500,情侣,短途周末 穷游 摄影 美食 蜜月 五一,4.4万
重庆,#2019五一出游#【重庆】一个人，一背包，一相机从你的全世界路过,/2019/05/01,4,1200,独自一人,短途周末 摄影 美食,2.1万
衡山,南岳衡山二日游实用攻略,/2019/05/05,2,600,家庭,徒步 五一,8.8万
西昌,我们盛开，阳光照进心里来----记五一西昌行,/2019/05/05,3,1500,三五好友,短途周末 五一,1.8万
北海,“朝沧梧而夕北海”——北海自驾五人行,/2019/05/01,3,620,三五好友,自驾 五一,4.5万
武陵源,穷游湖南（衡山-凤凰古城-张家界（天门山、武陵源））,/2019/05/01,7,2500,独自一人,穷游 徒步 摄影 五一,3102
四姑娘山,自驾挑战四姑娘山,/2019/04/28,3,1000,情侣,自驾 五一,75.6万
济南,"济南,泰山3日游",/2019/04/12,3,2500,情侣,短途周末,10.6万
合肥,“假期”与“非假期”：宏村+黄山的最佳攻略（宏村+黄山+合肥三日游）,/2019/05/01,3,2800,三五好友,短途周末 古镇 美食 人文 五一,3.9万
阳朔,#简单随记#桂林，青山绿水永相随,/2019/04/29,3,1500,家庭,第一次 深度游 古镇 五一,868
成都,逛吃成都｜一封超详细的景点&美食安利信,/2019/04/25,2,1000,家庭,古镇 美食 踏春,5.9万
银川,宁夏走一走,/2019/04/30,4,2500,情侣,美食 自驾 骑行 五一,6229
阳朔,阳朔亲子游一场沉醉在山水与美食的旅行,/2019/05/01,4,1500,家庭,古镇 美食,4.8万
上海,带上家人去旅行-上海&嵊泗&西湖,/2019/04/26,5,2000,家庭,古镇 摄影 徒步 人文 漫游 踏春,4.2万
黄山,#2019五一出游#春末夏初，来和黄山约个会！,/2019/05/01,3,1500,三五好友,短途周末 踏春 五一,3937
厦门,厦门，好久不见,/2019/04/16,3,2000,三五好友,短途周末 美食,8.2万
兰州,五一假期去哪儿玩？有一条黄河串起的珍珠项链款超大景区不去不知道一去得尖叫！,/2019/04/16,7,2000,三五好友,第一次 深度游 自驾 人文 赏樱 五一,1.5万
重庆,畅玩酉阳桃花源，看梦幻桃源，漫步龚滩古镇，游乌江画廊,/2019/04/19,3,500,三五好友,短途周末,2.5万
长沙,春节全家自驾之行，玩转武汉岳阳长沙周边之旅,/2019/04/29,5,1000,家庭,深度游 短途周末 自驾 环游 美食 春节,3.1万
鹤峰,#游记征集令#恩施鹤峰，要拍网红悬浮照不止屏山躲避峡！,/2019/04/13,4,1600,独自一人,深度游 摄影 夏季,4886
赵县,河北【正定-赵州】清明清西陵，柏林禅意浓，赵州神桥健，万顷梨花艳2日,/2017/04/02,2,400,三五好友,短途周末 自驾 漫游 古镇 探险 人文 赏樱 清明 五一,1.8万
澳门,澳门虽小，五脏俱全，解锁顶级度假区玩法,/2019/04/17,3,2500,情侣,深度游 踏春,1.8万
无锡,四天三夜，去无锡探寻一场百花盛宴,/2019/04/19,4,2000,三五好友,深度游 五一,8.5万
重庆,穿行桃花源，漫步龚滩古镇，我的三天二夜酉阳行,/2019/04/19,3,1980,三五好友,深度游 踏春,6.7万
厦门,文艺厦门许你一场吃货之旅,/2019/04/16,3,2000,三五好友,深度游 美食,4万
桂林,多彩的广西不仅有山水，还有桂林千古情,/2019/04/16,4,2000,情侣,第一次 深度游 漫游 美食 人文,7.7万
阳朔,#游记征集令#八山秀水广西美，小长假来一次寻找“刘三姐”之旅,/2019/04/26,4,2000,情侣,穷游 漫游 美食 赏樱 五一 暑假,6.1万
乌镇,心的乌镇，来过，未曾离开,/2019/04/21,2,1000,三五好友,古镇 踏春,3.1万
三亚,亲子携老三亚完美游攻略（旅游+度假）,/2019/04/26,6,2000,亲子,第一次 穷游 购物 海滨海岛 寒假,1.3万
桂林,花开四月|回眸桂林千百遍，再现三生三世千古绝恋,/2019/04/13,5,2100,独自一人,第一次 古镇 摄影 人文,10.9万
尖扎,当人间烟火落入瑶池仙境—记春日沈阳、长白山、延吉四日游,/2019/04/20,4,1339,闺蜜,第一次 短途周末 购物 摄影 美食 人文 温泉 清明,8344
平遥,叮~请查收一份来自平遥古城的人文穿越指南【五一小长假全新攻略】,/2019/04/19,3,1500,三五好友,深度游 短途周末 古镇 购物 摄影 美食 人文 踏春 五一,2.3万
涠洲岛,一个人的旅行（只为寻找涠洲岛那一抹蓝）,/2019/04/21,2,700,独自一人,穷游 骑行 摄影,6397
阳朔,烟雨漓江千古情,/2019/04/12,4,2000,情侣,踏春,5.2万
杭州,#游记征集令#人间四月芳菲尽，最美江南是杭州,/2019/04/23,3,1800,三五好友,深度游 古镇 人文 踏春 清明 五一,6401
黄山,感岁月历史，品黄山美食——黄山三天两夜休闲之旅全攻略,/2019/04/10,3,1500,三五好友,深度游 短途周末 美食 人文,5.4万
扬州,三天两夜，烟花三月下扬州，带娃，精华景点走马观花游,/2019/04/18,3,1500,家庭,第一次 踏春,2.2万
日照,2019，日照带来计划之外的惊喜,/2019/04/18,4,300,三五好友,自驾 清明 五一 端午 夏季 暑假 国庆,9.9万
长春,夏季租车自驾2人6天长春、长白山、白山市、走错路的东北老林子深度游,/2016/07/12,6,2500,情侣,第一次 深度游 短途周末 穷游 自驾 徒步 摄影 探险 温泉 踏春 清明 五一 端午 夏季 暑假 国庆,3万
嵊泗,美哭了！上海周边竟然有这么浪的海岛！江浙沪包邮的圣托里尼！——嵊泗花鸟岛东游记,/2019/04/11,4,1000,三五好友,深度游 摄影 人文 海滨海岛,1.2万
南京,#游记征集令#人间有三月，烟花不过江南里,/2019/04/21,6,2500,三五好友,自驾 漫游 摄影 赏樱 踏春,2114
溧阳,竹海温泉配三黑三白，游在天目湖的两日里,/2019/04/09,2,2500,三五好友,第一次,6.4万
日照,日照，遇见那片海，海洋公园周末的亲子时光,/2019/04/21,3,800,亲子,短途周末 五一,5391
洛阳,#游记征集#洛阳牡丹花正开，十三朝帝都兴废事还看今朝（附三天两夜游玩攻略）,/2019/04/10,4,2000,三五好友,深度游 人文,2.1万
万州,万州在老街徐徐、飞瀑三千中，寻找江城味道,/2019/04/21,1,1000,情侣,短途周末 自驾 徒步 摄影 美食 清明,1.6万
诸暨,「西施故土」穿越春秋战国—领略诸暨的沧海桑田与积厚流光,/2019/04/11,4,2000,三五好友,第一次 深度游 短途周末 自驾 古镇 摄影 人文,4.1万
洛阳,豫见河南|不负洛阳春光，探寻古都之美（洛阳旅游五天四晚全攻略）,/2019/04/09,4,2000,三五好友,深度游 漫游 摄影 踏春,2.3万
可乐,2019年，自驾九华山、黄山、宏村！,/2019/04/20,5,1300,家庭,自驾 清明,7418
重庆,初见重庆，我用24小时爱上这座城​,/2019/04/10,1,1000,情侣,第一次 短途周末 踏春,5.7万
无锡,花漾无锡，沉醉在花星球的杜鹃花海中，无锡春日赏花四日行,/2019/04/13,4,1000,三五好友,摄影 五一,6.2万
济南,沈阳初夏周末游（济南出发）,/2018/06/01,2,2000,独自一人,短途周末 徒步 摄影 人文 踏春 夏季,1.9万
日照,#游记征集令#遇见日照丨初夏的风，吹皱那片海,/2019/04/17,3,1500,三五好友,短途周末 踏春 五一 夏季,3.3万
马德里,RealMadrid！皇马球迷不可错过的伯纳乌观球攻略！,/2017/04/29,1,2000,情侣,深度游 人文 五一,3035
敦煌,#游记征集令#这个春天一路向西，东北小伙6天7晚大西北自由行,/2019/04/05,6,2100,独自一人,第一次 深度游 徒步 漫游 摄影 美食 人文 赏樱 踏春 清明,4657
宜都,【去哪儿首发】湖北宜都实用旅游攻略，看山川美景，读千年人文,/2019/04/04,4,2000,三五好友,第一次 深度游 自驾 摄影 人文 清明,8.2万
留坝,节假日可在机关单位免费停车的县说明了啥？这是一枚秦岭秘境！人少景美速来！,/2019/04/08,5,1500,三五好友,深度游 自驾 古镇 人文 赏樱 踏春,2.1万
汕头,#游记征集令#风味原产地巡礼—2人，31小时，18家店，23种美食，横扫汕头,/2019/04/06,2,800,闺蜜,短途周末 清明 美食,7515
泉州,#游记征集令#推荐几家泉州、厦门的民宿,/2019/03/16,4,1500,独自一人,海滨海岛 漫游,2万
诸暨,四月诸暨·一场充满趣味的春日游览会,/2019/04/11,3,2500,三五好友,深度游 美食,2万
秦皇岛,一个人的秦皇岛之旅,/2019/04/11,2,1100,独自一人,第一次 踏春,9833
三亚,#游记征集令#【三亚】睡出新花漾，B-dayTrip（附航拍＋美食攻略）,/2019/03/28,3,400,情侣,第一次 短途周末 摄影 美食 海滨海岛,4.8万
海口,北海&海口，美食下酒；晒成黑狗，快乐依旧（省钱大师）,/2019/04/03,8,2883,学生,第一次 穷游 骑行 徒步 游轮 漫游 毕业游 购物 摄影 美食 海滨海岛 温泉 踏春 清明,3.6万
黄山,~乐翻天~暖春带上老爸老妈+宝贝自驾黄山-宏村亲子4日游,/2019/03/15,4,1400,家庭,第一次 短途周末 自驾 古镇 踏春,7.8万
三亚,⛵️TravelNotes✈️亲子旅行记」,/2019/04/08,5,2500,亲子,美食 摄影,5481
广元,巍峨剑门，怀古三国，川北明珠，非繁广元！,/2019/03/28,1,800,独自一人,深度游 人文 踏春,6.2万
厦门,厦门、鼓浪屿4日游,/2019/04/05,4,2000,情侣,清明,71万
无锡,#游记征集令#梦回无锡，寻根故里—无锡小众游,/2019/04/10,5,2000,家庭,深度游 摄影,2万
乌鲁木齐,#游记征集令#去乌市打卡，感受西北第一站的风光,/2019/04/09,3,2500,三五好友,第一次 摄影 清明,6352
郑州,二室凌青天，三花含紫烟——2019清明节郑州+嵩山徒步游记（111P）,/2019/04/04,1,1000,独自一人,徒步 清明,5872
泉州,#游记征集令#一场逃离，泉州说走就走,/2019/03/17,3,1500,独自一人,徒步 人文 漫游 穷游,4409
德清,#游记征集令#初春踏青江南风光下渚湖湿地公园,/2019/03/29,1,1000,三五好友,短途周末 徒步 摄影 赏樱 踏春,8364
洛阳,河南【洛阳】王屋山-老君山-关林-白马寺3日,/2019/04/05,3,900,三五好友,徒步 人文 清明,8280
兴化,再回首兴化千垛菜花-溱潼古镇自驾游,/2019/04/05,2,600,家庭,深度游 自驾 古镇 美食 清明,2776
厦门,#游记征集令#春风厦至，走过四季，才知山海之间的你花开如梦,/2019/03/16,4,1200,独自一人,深度游 漫游 摄影 美食,8211
大理,硬核小姐姐旅行到古代，隐居在大理的千年山村，追寻失落的慢时光生活,/2018/07/07,5,1800,独自一人,深度游 摄影 古镇 夏季 暑假,2.1万
济南,济南三日穷游之旅,/2019/03/15,3,800,独自一人,短途周末 穷游 踏春,9177
杭州,一天千年！早春杭州，魅力宋城，带着娃的穿越之旅,/2019/03/23,3,1500,亲子,短途周末 踏春 清明,3.3万
杭州,【冷冷暖暖的侣行】你身上的一天霓裳，我眼中的千年大宋,/2019/03/23,2,500,情侣,漫游 摄影 美食 蜜月 人文,5.7万
重庆,一样的路，不一样的景——重庆,/2018/02/20,6,1400,情侣,漫游 人文 春节,8.8万
海口,说走就走的-宝岛海南岛-海口-文昌航天城-三亚-美食自由行,/2019/03/23,9,2700,家庭,深度游 漫游 美食 人文 海滨海岛 踏春,2781
西安,相信美好就能遇见美好---西安独行三日短途穷游攻略,/2019/03/29,4,1700,独自一人,第一次 穷游 徒步 摄影 人文,4万
苏州,遇见树山——等一场有你的梨花雨,/2019/04/01,3,500,三五好友,赏樱 清明,1.7万
北京,万万没想到的帝都之旅,/2019/03/22,2,600,亲子,美食 短途周末 摄影 人文 踏春,2455
宁波,#游记征集令#“独处时，遇见另一个我”--宁波的小文艺,/2019/03/31,4,2800,独自一人,第一次 短途周末 摄影 美食 踏春,9510
暹粒,2019年3月骑车看吴哥的微笑,/2019/03/12,6,2500,独自一人,第一次,980
九华山,九华山初春自驾礼佛三日游,/2019/03/15,3,1000,三五好友,第一次 短途周末 自驾 踏春,3285
大方,花经注之百里杜鹃|贵阳毕节三日行记,/2019/03/22,3,1000,情侣,短途周末 摄影 美食,3.2万
扬州,【扬州探春】烟花三月，醉饮广陵。（小长假出行记）,/2018/04/29,3,1000,家庭,短途周末 漫游 摄影 美食 踏春,2.2万
宏村,黄山-宏村-卢村春日周末游实用贴,/2019/03/16,2,1500,三五好友,短途周末 踏春,3.9万
武当山,“武当三宝”有两个是传说武当山真正的传世宝贝不是故事而是你意想不到的它！,/2019/03/08,2,700,三五好友,自驾 人文 踏春,1.9万
黄山,十二天/十座古村落/SAEVOM徽州独行记[含海量美图+旅行所见所感+攻略],/2018/12/28,12,1500,独自一人,深度游 短途周末 穷游 环游 古镇 摄影 探险 人文 跨年 冬季,1.7万
绥芬河,东北边境山城绥芬河，感受俄罗斯风情,/2019/03/18,3,2000,三五好友,短途周末 冬季,4785
南京,南京印象,/2019/03/18,5,2000,三五好友,美食 摄影,2721
成都,再游成都，体验不一样的大美山川,/2019/03/06,3,1500,独自一人,短途周末 踏春,3087
色达县,四姑娘哎！湛江飞成都-色达自驾环游,/2018/06/24,5,2370,三五好友,自驾 环游 夏季,4971
惠东,春游正当时，泡温泉，探古村，游山水，惠东三天两夜悠闲自驾游,/2019/03/01,3,1500,家庭,短途周末 自驾 温泉,6.1万
绥芬河,坐着高铁过周末，冬季乐享绥芬河，吃喝住游购全攻略,/2019/01/17,2,500,三五好友,深度游 短途周末 自驾 徒步 购物 摄影 美食 人文 冬季 寒假,7259
古纳,走进八百年古村俄亚，体验流传千年的古纳西习俗,/2019/01/05,2,400,三五好友,深度游 短途周末 自驾 古镇 摄影 探险 人文 春节,1713
南京,“2008-2018，十年再次相遇”----初见南京,/2019/03/13,1,1500,三五好友,第一次 短途周末 赏秋,2330
杭州,亲子旅行换一种思路游杭州，第一世界+两大乐园玩不停,/2019/03/09,2,1000,亲子,短途周末 自驾 美食 温泉,1.5万
宁波,踏海寻佛，为你来,/2019/03/28,4,1500,家庭,踏春,1743
拉萨,翻山越岭而来：从尼泊尔到西藏,/2017/06/07,8,2500,学生,第一次 穷游 毕业游 人文 暑假,5.3万
大理,#游记征集令#屌丝们的女神节之旅——“一路向西遇见大理”,/2019/03/07,4,1500,三五好友,古镇 购物 摄影 美食 踏春,2.2万
阳朔,桂林阳朔三千漓，解锁阳朔新玩法,/2019/03/06,4,2000,三五好友,摄影 美食 踏春,1.2万
北京,北京这些优秀的书店，你去过几家？,/2019/03/11,7,100,独自一人,短途周末 徒步 漫游 美食 人文 踏春,1654
大理,2019春节云南自驾佛系游,/2019/02/05,7,2000,家庭,春节,2953
重庆,爱上这座城|48小时，初遇重庆,/2019/03/11,2,2000,闺蜜,短途周末 冬季,6.1万
西安,【古韵西安】去十三朝古都，感受夜色下的盛世大唐,/2019/03/20,4,1800,三五好友,人文 春节 寒假,3552
武汉,三月的武汉，是一片樱花烂漫的世界【武汉赏樱全攻略】,/2019/03/11,3,300,三五好友,赏樱 踏春,5.8万
大新,大新明仕田园周边两日游,/2019/03/09,2,350,情侣,自驾 短途周末,3816
香港,背着你在路上之香港篇,/2019/02/15,3,2500,家庭,第一次 深度游 美食 春节,7139
滨松市,都江堰和西岭雪山三日亲子自助游,/2019/02/10,3,720,亲子,第一次 美食 摄影 春节,2.8万
大连,海韵大连、古韵沈阳、仙韵长白山の闲情五日游,/2018/08/12,5,1800,家庭,穷游 漫游 暑假,1.6万
西双版纳,野象谷惊魂记：徒步与独象狭路相逢驾车又遇一群野象跃跃欲试准备围攻！结果……,/2019/02/25,1,500,三五好友,深度游 探险 踏春,1.3万
潮州,一路南下，邂逅烟火潮汕，品美食观海景赏古建,/2018/10/03,3,2000,三五好友,自驾 国庆,7773
苏州,心心相系姑苏城念念不忘江南雨,/2019/03/06,3,800,家庭,古镇 踏春,6261
济南,三十五天两入东北独自一人SAEVOM节前流浪日记,/2019/01/18,35,2500,独自一人,深度游 穷游 漫游 摄影 人文 春节 冬季 寒假,2.2万
涠洲岛,自驾3300公里，9天8晚带你玩转涠洲岛、德天瀑布、荔波小七孔,/2019/02/02,9,2800,家庭,自驾 摄影 海滨海岛 春节 冬季,3.1万
玉溪,版纳有毒！在它那刚过完年又上瘾再次自驾走茶马古道着迷了！,/2019/02/07,10,2000,三五好友,深度游 自驾 古镇 购物 踏春,1.9万
泉州,【泉州拾光记】一半烟火，一半人间。,/2018/09/22,3,1070,独自一人,第一次 短途周末 徒步 摄影 美食 中秋节,2.4万
郴州,郴州三重奏，有时风雨有时晴,/2018/05/01,3,1500,闺蜜,第一次 自驾 摄影 五一,1.1万
苏州,梦回江南情系姑苏——苏州三日游,/2019/02/28,3,800,情侣,深度游 短途周末 穷游 自驾 骑行 徒步 漫游 古镇 购物 摄影 美食 蜜月 探险 人文 赏枫 春节 踏春 清明 五一,3.8万
西安,【司马讲故事】一下雪，西安就变成了长安|一开灯，西安就变成了灯具城,/2019/02/21,3,1600,三五好友,短途周末 摄影 美食 春节,4.4万
哈尔滨,遇见东方莫斯科，感受冰城魅力。【2016.哈尔滨】,/2016/10/03,3,2000,三五好友,徒步 摄影 国庆,1.8万
平遥,世界文化遗产也有名的平遥古城，穿越之旅攻略安排上了！,/2019/02/27,2,1000,三五好友,第一次 短途周末 漫游 古镇,1.9万
涠洲岛,一半烟雨一半晴，带上从未看过大海的你，感受春暖花开。,/2019/02/19,3,827,闺蜜,短途周末 穷游 自驾 游轮 春节,7757
宁波,续：世博会回想2019年春节上海宁波回访,/2019/02/04,7,2500,亲子,人文 跨年 春节,2010
哈尔滨,哈尔滨，冰与雪之歌（附一枚油城大庆的安利）,/2019/02/13,2,1400,情侣,深度游 短途周末 摄影 春节,9022
成都,春节家庭出游6日纯自助，成都，来了就不想走,/2019/02/04,6,2500,家庭,深度游 古镇 摄影 美食 人文 春节,2805
长春,二刷东北：见过冰雪才算没辜负冬天-长春/雾凇岛/长白山/沈阳,/2019/01/11,5,2000,三五好友,摄影 美食 人文 温泉 滑雪 冬季 寒假,2万
合肥,2019，巢湖边，风雪庐州夜（合肥两日游）,/2019/02/05,4,1500,家庭,短途周末 春节 寒假,1.7万
平遥,跟着诗人李持正笔下的《明月逐人来·星河明淡》，领略一番平遥古城的元宵节,/2019/02/17,2,500,三五好友,短途周末 漫游 古镇 摄影 美食 春节 冬季,7604
平遥,2019年春节，我在山西你在哪？,/2019/02/01,8,2000,独自一人,深度游 穷游 美食 春节 冬季,3174
厦门,厦门亲子5日自由行,/2019/02/10,5,2000,家庭,第一次 春节,3097
南京,【畅游江苏】去六朝古都寻帝王历史，到秦淮河畔觅百姓习俗,/2019/02/16,3,1500,三五好友,短途周末 摄影 美食 春节,5.1万
天津,一个人去旅行，你好天津,/2019/02/05,3,720,独自一人,第一次 短途周末 漫游 摄影 人文 春节,11.9万
重庆,带一半的我和你，穿越时空漫步山城（海量美景图+角色反串图）,/2019/02/15,7,2000,闺蜜,古镇 摄影 人文,1.4万
日喀则,“冰冻星球”-冬季西藏自驾记,/2019/02/05,5,2000,情侣,深度游 穷游 自驾 漫游 摄影 美食 春节 冬季 寒假,1.6万
丽江,都以为丽江只是年轻人的“艳遇”结果耄耋老人也喜欢这古镇气息！,/2019/01/25,2,1000,亲子,第一次 古镇 美食 春节,1.8万
广州,{默言}食在广州,/2019/02/05,4,2000,三五好友,美食 春节,2.2万
西双版纳,带着老人旅行西双版纳吃住行游如何安排？解决方案都在这儿了！,/2019/01/27,10,2000,家庭,深度游 自驾 美食 人文 春节,2万
北京,北京~15年后的相逢,/2019/02/05,5,2800,情侣,深度游 漫游 古镇 蜜月 人文 春节 冬季,1.5万
海口,2018我陪父母去旅行----南宁北海海口,/2018/12/21,8,2500,家庭,游轮 环游 人文 海滨海岛 圣诞 冬季,198
桂林,毕业季：属于我们的桂林毕业之旅--美图加攻略,/2019/02/12,4,1580,闺蜜,古镇 摄影 美食 温泉 寒假,1.2万
惠安,KK2019年春节畅行,/2019/02/07,5,1900,闺蜜,徒步 环游 美食 人文 春节,9924
婺源,带着老妈去旅行（最美高铁线：黄山（宏村）-婺源-武夷山）,/2019/01/25,10,2500,家庭,第一次 深度游 漫游 古镇 摄影 人文 春节,6841
贵阳,不一样的苗寨玩法，朗德，西江，青岩,/2019/02/05,5,1500,家庭,古镇 美食 人文 春节,3887
暹粒,一人三国七城19天的旅行之路--那些踩过的坑和被套的路之柬埔寨暹粒吴哥窟站,/2019/01/20,5,2000,独自一人,第一次 深度游 穷游 人文 寒假,698
哈尔滨,等了三年的冰城之行,/2019/02/06,4,2000,情侣,蜜月 美食 冬季 春节,1198
横店,2019春节去哪儿？当然是逛春节横店大庙会！！,/2019/02/08,2,1000,家庭,短途周末 穷游 自驾 漫游 古镇 摄影 跨年 春节 踏春 冬季 寒假,1.1万
天津,🧧新年游走在空城的郑州&下雪的天津,/2019/02/06,9,2500,家庭,美食 徒步 人文 环游 温泉 春节,1924
大理,200图万字大理游：古城漫步/环洱海、探寻黄渤沈腾拍戏取景地,/2018/10/26,4,1500,独自一人,环游 漫游 古镇 摄影 人文 夏季,3.1万
平遥,2019中国年，漫步平遥古城，带着爱。(附路线、交通、住宿、美食、特产攻略）,/2019/02/06,2,500,家庭,自驾 古镇 摄影 美食 春节 冬季,2161
清迈,一人三国七城19天的旅行之路--那些踩过的坑和被套的路之泰国清迈清莱站,/2019/01/11,5,2000,独自一人,深度游 穷游 古镇 人文 温泉 冬季 寒假,3.1万
厦门,2018-11-13厦门六日自由行（两大两小）,/2018/11/13,6,2000,亲子,穷游 冬季,1.8万
黄山区,独行徽州，青黛白墙（附黄山登山攻略，宏村，婺源）,/2018/04/17,6,1500,独自一人,穷游 古镇 摄影 美食 踏春 清明,2.6万
张家港,听山歌，泡温泉，赏桃花，逛古街，游古寺，五项全能了解下,/2019/01/28,3,2000,三五好友,短途周末 摄影 美食 温泉,4.8万
平遥,2019平遥中国年全新攻略~【交通+住宿+路线+特产+美食+中国年活动安排】,/2019/01/28,3,1500,三五好友,短途周末 漫游 古镇 摄影 春节,1.1万
漳州,【福建自由行】遇见花样漳州，土楼和云水谣就该这样玩,/2019/01/28,3,1200,情侣,深度游 古镇 人文 春节 寒假,1.3万
厦门,向往的生活，大概就是，不羡慕任何人……,/2019/04/29,6,2703,亲子,第一次 深度游 自驾 五一,1406
成都,成都，带不走的是悠闲惬意的生活,/2018/07/20,5,1400,独自一人,深度游 毕业游 摄影 夏季,3.9万
珠海,三天二晚，带你在广东的马尔代夫----东澳岛玩个够,/2019/01/18,3,2000,三五好友,短途周末 春节,2.7万
桂林,桂林旅游必看的自由行攻略（正确的旅游方式）龙脊梯田阳朔西街,/2019/01/23,4,2000,家庭,第一次 短途周末 穷游 徒步 漫游 毕业游 古镇 摄影 跨年 春节 踏春 端午 夏季 暑假,2.5万
大连,大连奶爸周末带娃宝贵经验分享大连景点单日游——大连老虎滩海洋公园,/2018/06/02,1,150,亲子,短途周末 穷游 人文 夏季,1.2万
大连,大连奶爸周末带娃宝贵经验分享大连景点单日游——大连黑石礁自然博物馆,/2018/12/02,1,20,亲子,短途周末 穷游 人文 冬季,7368
黄山区,寒假游~黄山行,/2019/01/14,4,2000,家庭,短途周末 穷游 漫游 冬季 寒假,1884
大连,大连奶爸周末带娃宝贵经验分享大连景点单日游——大连森林动物园一日游记,/2018/09/22,1,150,亲子,短途周末 穷游 中秋节,3.7万
哈尔滨,北京-哈尔滨-雪谷-雪乡5日游,/2018/12/23,5,2000,三五好友,第一次 滑雪,8350
安丘,春节假期潍坊泰华城、安丘青云山两日游,/2013/01/23,2,200,情侣,短途周末 穷游 徒步 摄影 滑雪 春节,7870
成都,漫步蓉城，体味成都美食与美好,/2018/11/24,4,1500,家庭,深度游 短途周末 美食 万圣节 圣诞,2.9万
丹东,清明丹东鸭绿江、凤凰山自驾二日游,/2016/04/03,2,500,家庭,短途周末 穷游 自驾 清明,1.2万
杭州,杭州——没有雪的冬季也会醉人,/2019/01/12,4,2200,亲子,冬季 寒假,9807
北京,何须跑到遥远的东北去看雪？北京这个邻居便有最美雪乡,/2019/01/10,3,2500,情侣,摄影 美食 冬季,4.2万
武汉,武汉过早，代表碳水化合物吃撑你。,/2018/11/01,2,1000,三五好友,深度游 徒步 美食 人文 万圣节,1.3万
衢州,衢州|走不完的山水美景，读不完的历史人文,/2018/12/22,3,1300,三五好友,深度游 自驾 古镇 摄影 圣诞,1万
重庆,重庆，好久不见,/2018/04/28,1,2000,独自一人,摄影 美食 人文 夏季,6594
无锡,无锡匆匆~我与闺蜜们的佛系旅行,/2018/06/08,3,2500,闺蜜,第一次 深度游 徒步 漫游 摄影 美食 人文 端午,8611
重庆,重庆成都乐山5天攻略,/2019/01/10,5,2500,情侣,第一次 冬季,7.4万
香港,广州人带你游香港（科普式干货，实用攻略）,/2017/05/10,1,2000,独自一人,短途周末 购物,1万
南京,跨年南京游,/2018/12/31,4,900,独自一人,穷游 跨年,1542
宜春,趁着周末，到中国温泉之乡感受一次千古情痴,/2019/01/06,3,1980,情侣,第一次 短途周末 摄影 冬季,7.3万
宜春,悠闲四日，玩转宜春这座深藏不露的温暖小城,/2019/01/03,4,1500,三五好友,第一次 深度游 短途周末 自驾 摄影 温泉 跨年 春节 冬季 寒假,3万
昆明,萌宝冬行|带你玩转四季如春的昆明古滇~,/2018/12/15,4,2000,亲子,第一次 温泉,2.1万
开封,嵩山行我看行——记河南登封郑州开封5日游,/2018/10/02,5,1400,三五好友,第一次 穷游 漫游 国庆,2571
成都,成都，成都，带不走的只有你！,/2018/12/25,3,1500,三五好友,深度游 美食 人文 冬季,4.4万
厦门,说走就走，厦门休闲游,/2019/01/04,6,2400,家庭,第一次 冬季,4205
腾冲,去腾冲邂逅一场秋天的童话,/2018/12/29,4,1500,三五好友,深度游 短途周末 自驾 徒步 摄影 跨年,2.5万
香格里拉,牛哥西行漫记（10月1日-10月5日）,/2018/08/13,1,200,独自一人,自驾 国庆,6504
郑州,神州五岳之中岳嵩山--少林寺,/2018/12/30,3,2400,情侣,穷游 跨年,4717
苏州,姑苏烟雨，月台花榭，锦瑟年华谁与度,/2016/04/08,3,336,独自一人,第一次 短途周末 穷游 古镇 摄影 人文 踏春 清明,1.6万
香格里拉,牛哥西行漫记（9月25日-9月30日）,/2018/08/13,99+,200,独自一人,自驾 国庆,8180
澳门,【干货！】中奖澳门航空锦鲤，相约圣诞澳门的3天2夜，一场绮丽繁华的梦之幻镜,/2018/12/24,1,2000,独自一人,第一次 深度游 徒步 漫游 购物 摄影 美食 圣诞,2.9万
三亚,逃离阴冷的成都，到三亚享受这个冬天！,/2018/12/14,4,2500,亲子,深度游 美食 海滨海岛 冬季,3.7万
丰宁,【承德】马镇之冬，风景不尽,/2019/12/30,2,1800,家庭,第一次 深度游 短途周末 自驾 摄影 跨年,1.1万
丽江,【19年定制台历】苏掌柜带你种草丽江旅游最美旅拍打卡地全攻略！！！,/2019/01/07,3,999,闺蜜,深度游 穷游 古镇 摄影 美食 人文 赏枫 赏秋 中秋节 冬季 寒假,9790
厦门,"路线和费用超详细的厦门三天行：含厦大,曾厝垵,南普陀寺,五老峰,鼓浪屿等",/2018/12/30,3,1200,三五好友,第一次 短途周末 美食 海滨海岛 跨年,2.5万
宜春,【江西.宜春】明月处处有，唯有宜春月最明,/2018/12/27,4,2000,三五好友,人文 温泉,1.3万
重庆,巴蜀之冬旅（天府成都、老重庆）,/2018/12/25,5,2000,闺蜜,第一次 穷游 古镇 购物 美食 跨年 冬季,3264
丰宁,玩冰雪看演出吃烤羊放烟花跨年新花样玩转中国马镇冰火节,/2018/12/30,3,1000,三五好友,短途周末 自驾 美食 人文 寒假,3.4万
成都,跟我在成都的街头走一走，直到所有的美食都吃完了再回头,/2018/12/09,3,2500,情侣,深度游 美食 冬季,3.7万
厦门,一座城市，2个人，漫步在厦门,/2019/01/04,7,2500,情侣,蜜月 骑行 徒步 摄影 第一次 美食 冬季 漫游 人文,3281
香港,【新年祈福】连港星都去上香祈愿的5座寺庙，据说有求必应超灵验！,/2019/01/02,1,300,家庭,购物 美食 海滨海岛 短途周末 摄影 徒步 人文 春节 寒假,5.7万
泸沽湖,5日游,/2018/12/04,5,2380,三五好友,古镇 摄影 漫游,10.5万
成都,坐着高铁玩成都，四天三夜享受地道成都味,/2018/11/15,4,2800,情侣,深度游 购物 摄影 美食 冬季,13.1万
洛阳,洛阳——一座被遗忘的千年古都,/2018/06/11,4,700,独自一人,穷游 漫游 美食 人文 夏季,6645
哈尔滨,黑龙江暖阳高照—几个逗比青年的戏雪记【哈尔滨-雪乡】,/2018/12/10,4,2100,三五好友,冬季,1.1万
哈尔滨,【哈尔滨最旺香火指南】这次，我们怀着崇敬的心走进冰城！,/2018/12/27,1,10,三五好友,短途周末 人文 春节 冬季 寒假,9743
南京,近于禅境，达于心灵，牛首山揽胜静心之行,/2018/12/15,2,2000,三五好友,第一次,7759
重庆,醉美三峡旅行季，赏巫山红叶，和第一场雪来一次美丽的邂逅！！,/2018/12/08,4,700,三五好友,自驾 冬季,1万
吉首,湘西吉首四日自由行,/2018/12/21,4,1000,学生,穷游 古镇 冬季,2.6万
苏州,爱在日落黄昏时，探秘太湖岛居生活,/2018/12/17,3,2000,三五好友,第一次 深度游 徒步 古镇 摄影 冬季,5462
重庆,食“摄”山城--心心念念的重庆之旅,/2018/12/24,2,1000,独自一人,第一次 深度游 古镇 摄影 美食 人文,1.3万
海盐,【诗画浙江】浙江除了杭州西湖，还有嘉兴南湖，更有海盐杏会,/2018/12/15,2,1000,三五好友,短途周末 美食 冬季,5.9万
密云,古北水镇京郊有江南（附司马台长城攻略）,/2017/05/20,2,500,三五好友,短途周末 古镇,2713
喀纳斯,很遗憾，人人都知道中国雪乡，却不晓得有个“极美雪乡”酷炫得令人心疼！,/2018/11/27,2,1000,三五好友,第一次 深度游 环游 摄影 人文 冬季,9100
宁远,湖南永州宁远自驾一个偏远小县城的美食全攻略,/2018/12/08,2,50,三五好友,短途周末 自驾 摄影 美食 人文,8353
珠海,珠澳海湾游，赏两地风光，一次难忘的旅程！,/2018/12/09,2,1000,三五好友,短途周末 游轮 漫游 摄影 人文 海滨海岛,2.1万
珠海,珠海，一座浪漫城市该有的样子,/2018/12/09,1,1200,三五好友,深度游 游轮 古镇 摄影,4.3万
成都,逛吃不停歇，安逸的在成都度过深秋时光,/2018/12/19,5,2500,三五好友,深度游 美食 人文,1.1万
成都,少不入川，老不离蜀。说说成都这吃了就不想走的城市。,/2018/12/19,3,2000,三五好友,第一次 美食 人文 国庆,3.4万
珠海,冬游东澳岛，享受一段美好的海岛亲子时光,/2018/12/15,3,2000,亲子,第一次 深度游 短途周末 自驾 漫游 摄影 美食 海滨海岛 冬季 寒假,1.8万
潮州,逛吃逛吃看潮汕,/2018/12/14,3,1100,三五好友,短途周末 冬季,7729
北京,带着爸妈去旅行，时光记忆北京梦,/2018/04/27,3,2500,家庭,人文 五一,6.7万
厦门,【发游记赢限定圣诞礼物】寻觅闹市中的古早味，这是一份关于厦门的美食攻略,/2018/12/01,3,2400,三五好友,摄影 美食 人文 海滨海岛 冬季,1万
楚雄市,国庆滇西南小众游,/2018/10/01,6,2000,家庭,自驾 国庆,4567
厦门,泡泡温泉，逛逛网红圣地——厦门，带着回忆去小游。。,/2018/12/08,2,1000,情侣,短途周末 自驾 漫游 摄影 人文 温泉 圣诞 冬季,1769
承德,美女密云遇见了帅哥承德,/2018/12/11,3,1000,三五好友,自驾 古镇 温泉 滑雪,2.7万
太原,梦里古城山西一场关于美食与美景的风味之旅~,/2018/11/24,5,1000,三五好友,深度游 古镇 摄影 冬季,9691
塞哥维亚,西班牙——卡斯蒂利亚-莱昂，我们不期而遇,/2017/07/22,3,240,情侣,短途周末 穷游 自驾 摄影 人文 夏季 暑假,9035
西安,十四朝古都－梦回长安,/2018/12/10,4,2000,家庭,人文 第一次 漫游 冬季,1.1万
成都,成都请赐我一场人间烟火|城西三日行记,/2018/12/07,3,500,独自一人,短途周末 漫游 人文,1.4万
乌鲁木齐县,拥抱最温暖的冰雪世界体验户外穿比基尼滑雪的极致酸爽！,/2018/11/24,1,200,三五好友,深度游 美食 温泉 滑雪 冬季,8509
永泰,永泰庄寨--百花齐放的福建古建筑中的又一朵“奇葩”,/2018/12/07,3,800,三五好友,第一次 深度游 摄影 人文 冬季,6897
唐山,唐山冬游拥抱星辰与大海，走一遭文艺的探秘之旅,/2018/12/07,3,2000,三五好友,短途周末 自驾 人文 温泉 冬季,8.2万
北京,北京赏秋打卡攻略，除了故宫这些地方也很值得去,/2018/11/09,3,2000,三五好友,第一次 古镇 摄影 赏秋,7177
成都,【发游记赢限定圣诞礼物】行走在成都的文艺范儿，这一次带你解锁那些网红打卡点,/2018/11/27,2,1350,三五好友,深度游 摄影 赏秋,1.1万
成都,吃货的成都地图，有没有试过因美食爱上一座城市？,/2018/11/10,3,1500,三五好友,第一次 美食 人文 赏秋,3.9万
婺源,婺源寻秋,/2018/11/22,4,1300,三五好友,自驾,1494
北海,北海、涠州岛8日游,/2018/02/13,6,300,三五好友,美食 海滨海岛 游轮 第一次 深度游 冬季 春节,1.2万
黄果树,净心之旅之梵净山、黄果树瀑布、镇远古镇----5天4晚,/2018/11/28,5,2500,家庭,漫游,5558
杭州,在杭州，略一场夏，赏一场秋,/2018/05/27,5,1000,独自一人,第一次 短途周末 骑行 徒步 摄影 人文 赏枫 夏季 赏秋,2.2万
贵阳,「贵阳」不期而遇的美食之旅（附顶级吃货美食探店＋住宿＋景点打卡）,/2018/08/16,3,1000,情侣,美食,1.8万
哈尔滨,一路向北，徜徉在童话般的世界里,/2018/11/21,5,2000,三五好友,第一次 深度游 自驾 环游 漫游 摄影 美食 人文 滑雪 冬季,5万
苏州,【走走看看】苏州行，吃吃看看,/2018/12/07,3,2000,情侣,短途周末 徒步 漫游 赏秋,8882
重庆,打卡“山城”——重庆,/2018/11/29,5,2000,三五好友,第一次 短途周末 美食,1984
成都,潇洒辣一回，一个福建人的成都快乐之旅,/2018/11/24,3,2500,三五好友,短途周末,5627
上海,畅游海昌，满足你对大海的所有幻想,/2018/12/05,2,1000,亲子,短途周末 摄影,4.1万
太原,二刷山西好风光，我们从晋西南路过,/2018/11/24,4,1000,三五好友,自驾 古镇 摄影,9153
长沙,【发游记赢限定圣诞礼物】穿越民国时的老长沙，找寻旧时长沙的味道……,/2018/12/05,2,300,三五好友,短途周末 漫游 摄影 美食 赏枫 赏秋 万圣节,2.9万
西安,三日游美图秦风唐韵为古是骨美食民俗为今是筋——西安撩咋咧,/2018/08/24,3,1400,三五好友,短途周末 暑假,4万
贵阳,【发游记赢限定圣诞礼物】贵阳读城记，遇见最舒适的秋日时光,/2018/11/24,3,1000,独自一人,短途周末 赏秋,8678
晋城,探秘最山西，晋是如此美,/2018/11/23,4,1500,三五好友,古镇 摄影 美食 人文,1.5万
杭州,走进森林，走进时光，走进浙江的诗画山水,/2018/11/12,5,2000,三五好友,深度游 自驾,1.2万
徐州,2018年11月古墓派五人自驾游,/2018/12/03,6,2000,三五好友,自驾 古镇 人文 冬季,4575
汕头,潮潮潮潮州汕汕汕汕头,/2018/11/24,6,1700,情侣,第一次 赏秋,7030
重庆,【首发赢限定圣诞礼物】风花雪月诗酒茶，解锁从影视综艺里走出来的魔幻重庆,/2018/12/01,4,2000,闺蜜,深度游 摄影,7.1万
宁海,寻一个阳光明媚的日子，走一回前童古镇,/2018/12/01,1,200,独自一人,古镇 徒步 第一次 冬季,1.3万
婺源,有一种秋叫篁岭，这里的秋可赏可晒还可吃！,/2018/11/19,2,800,三五好友,短途周末 古镇 摄影 美食 赏秋,1.2万
西安,下黄河、上华山、赏秦俑、望龙门，西安、洛阳中华古都记行,/2018/11/19,7,2500,闺蜜,第一次 短途周末 穷游 徒步 摄影 美食 冬季,4848
埃武拉,马币170，马来西亚，柔佛，丰盛港，跳岛一日游,/2018/04/28,1,280,情侣,海滨海岛 夏季,3697
成都,来一场抛夫弃子的汉服旅行去成都做个吃客,/2018/11/02,4,2600,闺蜜,深度游 美食 赏秋,7332
绍兴,绍兴媳妇儿带你逛绍兴：必打卡和新发现,/2018/11/22,3,1500,三五好友,短途周末 古镇 美食,1.1万
温岭,赴一场山海之约，隐秘而低调,/2018/11/13,3,2000,三五好友,深度游 自驾,1.8万
成都,文艺又摩登的成都，好吃的也不仅仅是火锅,/2018/11/16,3,1300,独自一人,深度游 徒步 漫游 购物 摄影 美食 人文,5511
西安,梦回长安—西安自驾穿越之旅（附美食合集和汉服拍摄指南）,/2018/11/26,5,2000,情侣,深度游 自驾 摄影,4.9万
成都,找一座城遇见不一样的天府之城（美食探店+景点打卡）,/2018/11/16,5,2800,闺蜜,摄影 美食,3.8万
成都,跟我走吧，一起去成都走一走，你会发现带不走的居然是它？,/2018/11/26,7,2000,闺蜜,深度游 短途周末 穷游 自驾 美食 人文 温泉 滑雪 暑假 寒假,5622
绍兴,【老绍兴·醉江南】重回学生时代，重走绍兴路,/2018/11/22,3,2000,三五好友,深度游 古镇 赏秋,1.6万
上海,【上海海昌海洋公园】放飞在蓝色的神奇世界里,/2018/11/17,1,200,三五好友,漫游,1.4万
成都,成都72小时，如果你秋天来成都的话，不要错过这些地方,/2018/11/16,3,1000,亲子,漫游 摄影 美食 冬季,2.3万
喀纳斯,秋后-美腻的新疆,/2018/10/21,10,2000,三五好友,摄影,1.1万
腾冲,秋印.➹腾冲,/2018/11/16,4,1000,家庭,短途周末 自驾 摄影 美食 温泉 赏秋,3845
西安,感受历史，享受美食，超级妈妈带娃吃吃吃的西安四日之旅,/2018/11/23,4,1800,亲子,美食 人文 赏秋,3620
陇南,一条隐匿在岷山秦岭横断山脉川藏高原的秘境很多人竟不知道！,/2018/10/23,10,2310,情侣,深度游 自驾 赏秋,5762
阿尔山,探秘《亲爱的客栈2》拍摄地，在阿尔山遇见诗和远方,/2018/11/01,5,1500,三五好友,第一次 深度游 摄影,9313
丽江,云南|佛系逃亡，在雪山挑战俄舞节奏感，在风花雪月接生七小只。,/2017/11/25,12,2400,三五好友,第一次 深度游 美食,8155
温岭,曙光首照地，东海好望角——三天两夜领略“山、海、曙光、硐”组成的温岭山海风光,/2018/11/22,3,2000,三五好友,人文 赏秋,4265
苏州,南海圣境普陀行（木渎古镇，普陀山，周恩来故居;纪念馆）,/2018/11/16,5,2000,家庭,漫游 赏秋,4258
郑州,深秋中原之行西安洛阳郑州七天自由行,/2018/11/12,7,2380,情侣,第一次 穷游 美食 人文 万圣节,2258
温岭,多彩温岭，海边的风又吹向远方,/2018/11/13,3,2500,三五好友,第一次 赏秋,2.3万
丽江,古色古香的丽江，风花雪月的大理，总会遇见最美自己~,/2018/11/04,9,2500,独自一人,毕业游,3913
平利,小众陕西薄荷色的夏天，揭开巴山深处的神秘天书,/2018/08/01,2,450,三五好友,第一次 自驾 夏季 暑假,4784
成都,四天成都美食之旅，原来成都除了火锅，还有这些……,/2018/10/24,4,2000,三五好友,短途周末 漫游 古镇 美食,1.3万
溧阳,小众游溧阳，竹海森林里的天然氧吧,/2018/11/09,3,1000,三五好友,摄影 美食 温泉 赏秋,1.2万
成都,四天三夜的成都美食之旅，吃货必备的法宝,/2018/11/18,4,1500,三五好友,漫游 美食 赏秋,1.8万
成都,逛吃成都，那些你知道的不知道的成都味儿,/2018/11/06,4,1000,三五好友,摄影 美食,8557
重庆,原来网红城市重庆周边，还隐藏了这三大人文历史景点，值得来！,/2018/11/12,3,2000,三五好友,第一次 短途周末 自驾 人文,9191
成都,记第一次成都之旅，在美味中度过一段难忘的旅程,/2018/11/01,4,2000,三五好友,第一次 美食 人文,4933
千岛湖,暖秋时分，你我邂逅美好千岛湖,/2018/11/02,3,1000,三五好友,短途周末 赏秋,6320
成都,四川|正确打开成都美景美食游记攻略【第二集】,/2018/11/08,3,2000,三五好友,古镇 摄影 美食,29.4万
丽水,丽水三城记，赴一场与丽水的秋日约会,/2018/11/10,5,2000,三五好友,深度游 人文,3169
天目湖,环抱竹海，畅享温泉，这样的周末醉人生！,/2018/11/10,2,1000,三五好友,短途周末 美食 温泉 冬季,1.4万
天津,换个城市生活—【天津】,/2018/11/01,4,1500,三五好友,穷游 美食 赏秋,7091
香港,【跟着汉堡包包游香港】漫步港味旧时光,/2018/04/26,4,2000,情侣,深度游 短途周末 摄影 美食 人文 五一,1.5万
溧阳,三番至溧阳，邂逅南山竹海,/2018/11/13,2,1000,三五好友,深度游 短途周末 摄影 人文 冬季,1.2万
成都,【成都】好雨知时节，花重锦官城,/2018/10/27,3,2300,三五好友,短途周末 美食 人文 暑假,7.8万
重庆,火锅之城文艺重庆,/2018/11/12,2,2000,家庭,深度游 摄影 美食 人文,6752
济南,KK畅游山东之二,/2018/11/05,5,2100,闺蜜,徒步 人文 赏枫 赏秋,2691
威海,KK畅游烟台威海之一,/2018/11/03,4,2300,独自一人,海滨海岛 徒步 赏秋,5491
张家港,【再游张家港】枫叶荻花间，寻港城秋色,/2018/11/02,3,1000,三五好友,短途周末 摄影 美食 人文 赏秋,2.4万
东营,黄河入海口，赶一场原始苍茫的秋,/2018/10/23,3,1000,三五好友,短途周末 自驾 摄影 海滨海岛 赏秋,2.5万
福州,榕城福州，在八闽首府发现福建别样美,/2018/10/29,4,2000,家庭,短途周末,1.7万
甘孜,行行摄摄，西行川西,/2018/08/10,15,2500,三五好友,深度游 自驾 环游 摄影 夏季,3821
张家港,在如诗的秋季，邂逅如画的张家港,/2018/11/02,3,1500,三五好友,第一次 短途周末 自驾 摄影 美食 赏秋,1.1万
苏州,慢游沙洲——一场邂逅江南秋天的旅行,/2018/11/02,3,2500,三五好友,漫游,2.6万
怀化,自驾雪峰山这个藏于眼里，埋在心底的秘密,/2018/11/01,7,1500,情侣,深度游 古镇 摄影 人文,5383
成都,走街串巷！成都带不走的只有你,/2018/11/08,3,2682,三五好友,第一次 短途周末 美食 人文,7265
成都,CHENGDU旅行美食日记，记录眼中的这座城,/2018/11/02,3,500,情侣,短途周末 赏秋,4.7万
衢州,【诗画浙江】山水环抱优美之地、四省通衢绝佳之城，衢州竟可以这样玩,/2018/11/08,3,1900,独自一人,短途周末 摄影 美食 赏秋,9817
重庆,重庆|山城小众景点及网红美食攻略，以正确的方式打开重庆【第一集】,/2018/11/08,5,2500,三五好友,美食,5.3万
马六甲,马来西亚~你给我听着;我们还会回来找你~回忆万岁,/2018/09/20,6,2500,情侣,第一次 深度游 穷游 漫游 美食 蜜月 探险 国庆,4342
厦门,第四次来厦门，还没离开就想着第五次什么时候能来,/2018/10/21,7,2838,情侣,穷游 摄影 美食 人文 海滨海岛 赏秋 中秋节,1.8万
金寨,不一样的天堂寨不一样的天柱山,/2018/10/27,7,2660,三五好友,自驾 赏秋,4428
成都,锦绣蓉城，让世界爱上成都的N个理由,/2018/10/25,3,2000,三五好友,美食 人文 赏秋,7万
东山,作别夏天，在秋风吹凉福建之前再去一次东山岛,/2018/11/01,4,1500,三五好友,深度游 摄影 美食 人文 海滨海岛,5.1万
重庆,向往的重庆,/2018/10/20,7,2000,独自一人,第一次,1082
河源,梨花屋舍，万绿湖畔的宁静空间,/2018/11/04,2,600,三五好友,短途周末 徒步 探险 踏春 夏季 暑假 赏秋,3484
黟县,【炎炎夏日的16:00你还愿意做什么？】碧山、南屏、守拙园、木梨硔,/2018/08/17,3,600,情侣,短途周末 自驾 古镇 摄影 人文 夏季,4315
临汾,【山西.临汾】有一种美，叫云丘山的秋天,/2018/11/05,2,2000,三五好友,短途周末 自驾 摄影 赏秋,6.5万
成都,蓉城三日寻食记之网红店的日常（72小时吃货清单）,/2018/10/18,3,2000,三五好友,短途周末 摄影 美食 人文 暑假 国庆,3713
成都,成都，带不走的是吃货！吃货带你在成都玩出新花样，吃出新高度！,/2018/10/19,1,2500,独自一人,美食 赏秋,3.3万
天津,金秋乌兰布统（坝上草原）,/2018/10/02,5,1500,家庭,国庆,3662
东营,黄河入海，胜利出油，孙子故里--湿地东营七彩金秋之旅,/2018/10/25,3,1500,三五好友,深度游 自驾 徒步 摄影 赏秋,6.5万
济南,因为一篇文，去看一座城,/2018/11/03,2,550,亲子,美食 短途周末 赏秋,5613
乡宁,【山西】仙境云丘山，醉美十月天,/2018/10/15,1,2500,三五好友,第一次,2.4万
塞罕坝,北上直击塞罕坝与乌兰布统，来看秋天的尾巴,/2018/10/02,3,1800,学生,自驾 国庆,7942
大理,"缘,妙不可言---2018云南自驾",/2018/10/20,9,2500,三五好友,自驾 徒步 环游 古镇 赏秋,2944
黎平,（美图）遇见黔东南：侗山、侗水、侗家人，光影中的肇兴侗寨,/2018/10/16,2,800,三五好友,短途周末 古镇 摄影 人文,3485
北京,北京六天自由行,/2018/10/16,6,2000,家庭,深度游 国庆,8916
惠东,#非泡不可的温泉#邂逅秋日里的小确幸，一家人的慢时光。,/2018/11/01,1,800,亲子,深度游 短途周末 自驾 漫游 古镇 摄影 美食 人文 温泉 赏秋 冬季 寒假,4.3万
成都,成都篇小吃货跟我走，我们去找蓝朋友~,/2018/10/13,5,1500,情侣,深度游 国庆,4201
武义,三天两晚武义游，不只温泉的温泉之城,/2018/10/18,3,1500,独自一人,第一次 短途周末 温泉,5145
南京,大魔都&古秦淮穿梭于两个时空,/2017/07/15,7,1400,情侣,摄影 暑假,3352
思南,黔中郡，思之南，遇见穿透岁月的青瓦高墙,/2018/06/28,2,1000,独自一人,第一次 短途周末 穷游 古镇 摄影 美食 端午 夏季 暑假,4680
泰山,⛰🚶🏻‍♀️泰山徒步五人行之---疯狂虐腿,/2017/05/09,3,800,三五好友,深度游 短途周末 穷游 徒步 摄影 美食 探险 人文 五一 夏季,4548
厦门,厦门鼓浪屿&园林植物园｜#想要的诗和远方你都有#,/2018/03/13,5,2000,三五好友,第一次 穷游 环游 购物 摄影 美食 人文 海滨海岛 春节 踏春,3582
东营,隐秘而小众，一场放飞东营的文化不苦旅,/2018/10/22,4,800,三五好友,深度游 摄影 美食 赏秋,4.5万
汕头,潮汕笔记,/2018/10/03,4,1500,三五好友,美食 海滨海岛 夏季 暑假 国庆,6266
乌兰察布,爱玩尽在两三天自驾乌兰哈达火山群：火山与星空见证下的周年纪念日,/2018/08/17,3,1000,情侣,深度游 短途周末 自驾 徒步 摄影 探险 人文 夏季 暑假,5683
澳门,澳门拍照全攻略3天2夜，用相机领略多彩旧葡地,/2018/06/16,3,2000,情侣,漫游 美食 人文 夏季,1.7万
成都,成都美食之旅，体验不一样的四川美食（一）,/2018/10/29,3,1000,三五好友,美食,5751
马尼拉,2018年10月爱妮岛科隆最新攻略（穷游）,/2018/10/05,12,150,独自一人,深度游 穷游 徒步 摄影 美食 海滨海岛 潜水 国庆,2817
开封,聆听古都风韵，看朵朵幸福菊点亮开封城,/2018/10/28,3,1000,三五好友,漫游 摄影 美食 人文 赏秋,5169
南阳,五天四夜玩转南阳风景，感受出师一表的旷世忠义,/2018/10/27,5,2500,独自一人,第一次 自驾 摄影 赏秋,9294
庆城,走进甘肃庆城，去了解这座活着的千年古城,/2018/10/15,1,100,三五好友,第一次 深度游 古镇 美食 国庆,8037
南京,南京小清新旅游看这篇就够了,/2018/11/05,2,1000,独自一人,短途周末 人文,3.2万
杭州,你问西湖水，偷走她的几分美。——最忆是杭州,/2018/10/02,3,800,亲子,第一次 摄影 美食 人文 国庆,3387
成都,日达木基旅行记|成都，带不走的只有你。,/2018/10/24,3,1000,三五好友,深度游 漫游 摄影 美食,6.3万
杭州,3日游,/2018/10/18,3,1000,家庭,古镇 自驾 深度游 漫游,5658
广州市,周末自驾｜逃离喧嚣，体验怀旧市井风情与你细说故事,/2018/10/24,1,500,情侣,短途周末 自驾 摄影 人文,3万
洛桑,瑞士的另一种玩法-洛桑行,/2018/10/24,1,500,独自一人,短途周末 赏秋,6451
成都,四川|成都三日游完整行程攻略，小众景点和网红美食一个都不错过【第二集】,/2018/10/09,3,2000,三五好友,短途周末 美食,5.2万
成都,四川|秋天的成都，三天打卡美景美食游记攻略【第一集】,/2018/10/09,3,2000,家庭,美食,2.1万
甘泉,陕北甘泉雨岔大峡谷四大沟一日游风光掠影,/2018/10/15,1,300,三五好友,第一次 深度游 短途周末 自驾 摄影 探险 赏秋,7257
北京,古色古香VS新晋文艺丨都在容纳百川的北京城里,/2018/09/20,4,2500,三五好友,第一次 摄影 美食 人文 赏秋,4.8万
成都,成都吃货指南，秋日探店之行,/2018/10/23,3,1000,三五好友,漫游 美食 人文 国庆,4787
广州,深度邂逅花城广州，一个四季如春的城市,/2018/10/22,99+,50,三五好友,第一次 深度游 短途周末 穷游 自驾 骑行 徒步 环游 漫游 毕业游 古镇 购物 摄影 美食 蜜月 探险 人文 婚纱 温泉 跨年 春节 踏春 清明 五一 端午 夏季 暑假 赏秋 中秋节 国庆 万圣节 圣诞 冬季 寒假,7484
香格里拉,云南的经典景点及费用全攻略，给您传授旅游避坑高招！！！,/2018/10/16,8,2300,家庭,第一次 深度游 摄影 温泉 赏秋,7907
苏州,两日匆匆看青岛,/2018/10/14,1,1700,三五好友,第一次 短途周末 摄影 赏秋,1681
泸沽湖,浅度跟团游之静谧泸沽湖,/2018/10/16,4,1000,家庭,第一次 深度游 环游 摄影 国庆,1664
香格里拉,『香格里拉』這一生，所有相遇，都有其意義——『婚紗照』,/2018/07/26,3,2000,情侣,蜜月 美食 摄影 婚纱 夏季,2583
重庆,第三次打卡重庆走街串巷解锁山城小众玩法，附详细拍照+火锅攻略,/2018/10/20,3,1500,情侣,短途周末 徒步 漫游 古镇 摄影 美食 人文 赏秋,4937
贺州,离天下山水最近的一座城——贺州自驾三天特色游,/2018/09/23,3,1500,家庭,短途周末 自驾 古镇 摄影 中秋节,9375
南京,“禅意”南京,/2018/09/30,7,1500,情侣,深度游 古镇 摄影 美食 人文 国庆,7万
成都,二刷成都,/2018/10/02,6,2800,家庭,国庆,883
南京,大白(●—●)跑火车第八期：南京！南京！（2018.10.13）,/2018/10/19,4,1600,闺蜜,徒步 古镇 赏秋,5316
绍兴,带着老妈南京，苏州，绍兴游,/2018/10/15,8,2468,家庭,古镇 人文 漫游,4575
成都,嘘！这是我私藏的几家成都美食名片！给你！,/2018/10/08,3,2000,闺蜜,购物 美食 古镇 摄影 踏春 国庆,3858
武陵源,张家界：全方位游玩张家界，来这里（张家界4天3晚慢游行）,/2018/10/18,4,2000,闺蜜,穷游 中秋节,7010
张家界,横看成岭侧成峰，远近高低各不同（不跟团，不请地导，纯自由湖南行~~~）,/2018/07/13,8,2000,家庭,穷游 暑假,2332
琅勃拉邦,印支三国志：琅勃拉邦，时光温润地流淌,/2018/01/20,3,2000,三五好友,第一次 春节 冬季,2439
成都,成都，带不走的还有美食,/2018/10/16,1,1500,闺蜜,短途周末 美食,1.4万
上海,穿过上海追逐诗画苏杭，寻找纯朴的南浔！,/2018/10/01,6,2200,家庭,深度游 自驾 古镇 美食 国庆,2663
泉州,晃荡·泉州|接地气的鲤城x文艺范的小岞,/2018/10/03,4,1000,亲子,第一次 摄影 国庆,8208
成都,拜水都江堰，问道青城山,/2018/10/03,6,2500,家庭,深度游 国庆,921
八宿,拉风的滇藏线三天之旅---从林芝到香格里拉,/2018/10/03,3,1500,独自一人,人文 自驾 第一次 探险,3297
婺源,广州出发，一路从婺源拍到宏村——到最美乡村，邂逅遗漏的春光,/2018/04/06,3,2100,独自一人,第一次 摄影 清明,5496
上海,夜撒落魔影~越夜~越美丽~,/2018/10/02,5,2300,家庭,第一次 骑行 徒步 漫游 摄影 美食 人文 国庆,1.2万
赤峰,不止是高光——国庆京郊草原长城亲子自驾游,/2018/10/01,6,2900,亲子,自驾 徒步 摄影 国庆,4217
河源,#非泡不可的温泉#河源的周末温泉亲子时光，客天下、涟岸·禧悦庄、万绿湖,/2018/10/14,2,1000,亲子,第一次 深度游 短途周末 自驾 漫游 摄影 美食 温泉 冬季 寒假,16.9万
厦门,深度玩转厦门体验美好人生（附：去鼓浪屿如何乘船？）,/2018/10/13,5,2500,情侣,第一次 深度游 短途周末 穷游 国庆,4568
泸沽湖,现实中的“女儿国”我来啦！（美图含攻略）,/2018/10/11,3,2000,三五好友,深度游 环游 人文 国庆,985
成都,【成都】武候祠祭古，芙蓉城品味,/2018/10/05,2,1500,三五好友,短途周末 美食 人文 国庆,6003
克什克腾旗,2018年国庆节克什克腾金秋之旅,/2018/10/01,5,2000,家庭,自驾 国庆,346
成都,【成都】草堂何处寻，成都美食记,/2018/09/01,3,1600,三五好友,短途周末 美食 人文 赏秋 中秋节,4741
霸州,秋之华---国庆野三坡、保定之行,/2018/10/03,4,1300,家庭,自驾 国庆,1.8万
成都,本地人推荐玩法，成都景点美食全攻略！,/2018/09/25,4,1500,三五好友,深度游 美食 人文 赏秋,7万
郑州,从大连到郑州，一次特别旅行体验,/2018/10/02,4,1000,家庭,第一次 深度游 穷游 徒步 漫游 摄影 人文 国庆,3234
武当山,2018国庆少林武当游记之--问道武当山,/2018/10/04,2,1500,亲子,第一次 自驾 国庆,3387
南京,南京5天4夜晃荡指南丨似一场久别重逢,/2018/05/17,5,1000,独自一人,深度游 摄影 美食 夏季,6万
平遥,五天四夜，我爱上了北方的一座城——平遥古城,/2018/10/10,5,1500,三五好友,第一次 深度游 自驾 漫游 古镇 购物 摄影 美食 人文 暑假 赏秋 中秋节 国庆,6665
杭州,诗里画里，自驾苏杭皖六日游,/2018/10/01,6,2000,家庭,短途周末 自驾 古镇 摄影 美食 国庆,1.1万
呼和浩特,在呼和浩特欢度国庆,/2018/10/09,3,2000,独自一人,第一次 短途周末 漫游 摄影 美食 人文 国庆,6271
天水,甘南(麦积山-拉卜楞寺-黄河九曲第一湾-花湖-郎木寺-尕海)亲子自由行,/2018/10/01,6,2150,亲子,自驾 国庆 漫游 赏秋,3940
镰仓,【速写东瀛】东京X镰仓，夏の风物诗。,/2018/06/17,3,2500,独自一人,漫游 摄影 端午,7069
烟台,海天相伴任我行~自驾逍遥逛长岛,/2018/10/01,5,1500,家庭,自驾 国庆,7373
广州,＃悦野旅行＃走进秀丽自然风貌，夜游璀璨珠江,/2018/10/08,2,1000,情侣,短途周末 徒步 国庆,2万
连南,2018国庆广东省内亲子自驾游（连南欧家梯田-英西峰林-广州）,/2018/09/30,6,1100,亲子,自驾 美食 国庆,8644
呼伦贝尔,走了!秋天去呼伦贝尔，在带有孤寂味的大草原返璞归真......,/2018/09/17,4,2200,三五好友,深度游 自驾 赏秋,3436
防城港,两家人的国庆自驾之旅,/2018/10/02,5,1500,亲子,海滨海岛 自驾 穷游 国庆,1.2万
桂林,【人从众𠈌系列】广西龙胜龙脊梯田的天与地！,/2018/10/07,3,1500,三五好友,短途周末 徒步 摄影 人文 国庆,1.8万
恩施市,恩施武汉暴晒记,/2018/07/23,5,2500,独自一人,第一次 人文 夏季 暑假,3387
宁波,沿着海的方向宁波味道,/2018/10/06,2,1500,三五好友,短途周末 国庆,1.4万
武当山,游武当，寻胜景，疏疏林叶万山秋,/2018/10/02,4,1000,家庭,深度游 国庆,2164
丽江,云南之行,/2018/04/06,5,2600,家庭,踏春,2773
通化,国庆游--磨盘湖、女真摩崖石刻、鸡冠山、五奎山龙泉寺、三角龙湾、吊水壶瀑布,/2018/10/02,2,1000,家庭,第一次 自驾 赏枫 国庆,3326
常州,常州国庆2日游18.10.2-10.3,/2018/10/02,2,700,情侣,摄影 徒步 第一次 人文 国庆,1679
东极岛,清浜、东极——一段远离喧嚣的海岛之旅,/2018/10/01,3,1000,情侣,第一次 自驾 摄影 夏季 国庆,4471
南宫,周末不远游，在这里与家人共度温馨假期,/2018/10/04,2,300,家庭,短途周末 自驾 摄影 美食 温泉,7.3万
建德,建德十七度，后青春时代的山水巡礼,/2018/09/26,3,1500,三五好友,深度游 短途周末 古镇 摄影 美食 人文 国庆,1.3万
南京,秋风起的日子里，来水慢城品蟹露营,/2018/09/21,1,1200,三五好友,第一次 短途周末 美食 赏秋,1.1万
重庆,重庆私享，好玩的好看的热门的全在这儿！,/2018/09/22,6,2000,三五好友,深度游 短途周末 自驾 跨年 春节 五一 端午 夏季 暑假 国庆 寒假,5222
淮安,食摄淮安，醉卧在西游文化和淮扬菜的香味里,/2018/09/27,2,2000,三五好友,短途周末 美食 赏秋,3.6万
丽江,九月和老爸去丽江，来一场说走就走的旅行（超多图超详细）,/2018/09/12,5,2000,亲子,漫游 赏秋,1.4万
呼伦贝尔,你到过风吹草低见牛羊的大草原吗？,/2018/09/16,5,2500,三五好友,深度游 自驾 摄影 赏秋,2284
格雷梅,自东向西横穿土耳其，探秘哈萨克斯坦,/2018/05/05,12,2000,情侣,深度游 穷游 环游 毕业游 摄影 美食 人文 踏春 五一,6200
桂林,山连绵，水依依，漓江水畔踏歌游,/2018/08/31,3,2000,亲子,短途周末 中秋节,5675
阳朔,品味阳朔网红美食，穿越千年桂林千古情缘,/2018/09/01,2,1000,家庭,短途周末,4755
成都,成都，还可以再慢一点。——记一次身体和心灵的救赎。,/2018/09/07,3,600,三五好友,短途周末 美食,9095
桂林,漫步在漓江山水油画中，唯有桂林美食不可辜负。,/2018/09/02,4,2500,三五好友,古镇 摄影 美食 暑假,7.2万
大连,烟台-大连|渤海晶珠号，中国最美游轮，给你最浪漫的海上之旅！,/2018/09/28,1,166,情侣,第一次 深度游 短途周末 穷游 游轮 环游 漫游 毕业游 摄影 探险 人文 婚纱 海滨海岛 暑假 赏秋 中秋节 国庆 万圣节 圣诞 冬季 寒假,5.2万
斯里巴加湾,幸福梦乡秘境文莱,/2018/05/02,1,2500,独自一人,第一次,4175
广州,长隆三日放肆嗨，欢声笑语停不下来,/2018/09/22,1,1000,三五好友,第一次 深度游 短途周末 漫游 摄影 跨年 春节 踏春 清明 五一 端午 夏季 暑假 赏秋 中秋节 国庆 万圣节 圣诞 冬季 寒假,1.2万
广州,中秋前的撒欢，欢脱玩乐在长隆,/2018/09/20,3,1500,三五好友,深度游 摄影,6152
珠海,3天5园，记录一个成年人的长隆狂欢,/2018/09/19,3,2000,三五好友,深度游 中秋节,6652
广州,畅游长隆，一起掉进欢乐的海洋中丨长隆3日休闲游玩法全攻略,/2018/09/19,3,1500,三五好友,短途周末 摄影 国庆,1.4万
天津,闺蜜游乐园，玩转长隆全系，一起哭一起笑一起尖叫！,/2018/09/19,4,1000,闺蜜,深度游 摄影 中秋节,1.2万
厦门,2018厦大﹑漳州田螺坑土楼群﹑厦门鼓浪屿4天3夜轻閒游(多图),/2018/09/22,4,2000,情侣,短途周末 自驾 漫游 古镇 购物 人文 中秋节,4481
桂林,四天深度游桂林阳朔网红景点，揭秘一生必看演出《桂林千古情》顶,/2018/09/06,4,2500,三五好友,深度游 短途周末 骑行 古镇 摄影,4.7万
成都,【第一次一个人旅行】在成都的街头走走停停，在暴雨里看大熊猫，爽！,/2018/09/04,3,1500,独自一人,人文 夏季,6885
厦门,爱厦门爱旅行爱生活,/2018/09/19,4,2000,情侣,深度游 短途周末 摄影 美食 探险 人文 赏樱,6591
昌黎,ClubMedjoyview北戴河黄金海岸,/2018/09/22,3,1800,亲子,自驾,4158
同里,同里湖畔，两日的曼妙时光,/2018/09/18,1,2000,三五好友,短途周末 古镇,2194
阿坝,重走“雪山草地”，跟着红军的步伐去长征,/2018/09/24,4,500,三五好友,深度游 中秋节,2967
南浔,诗意南浔，掉入江南的温柔乡,/2018/09/24,1,800,三五好友,第一次 深度游 短途周末,1.2万
贵阳,6天5晚，去贵阳看梯田啦,/2018/09/18,6,2000,三五好友,人文 国庆,3.3万
广州,唤醒你的冒险细胞，开启一场3天2晚的广州+珠海长隆极致之旅,/2018/09/24,3,2000,三五好友,第一次 深度游 短途周末 自驾 摄影 中秋节,6281
南昌,【忆南昌】红色的记忆，味蕾的回忆~（景点打卡+美食攻略）,/2018/08/27,3,800,独自一人,第一次 摄影 美食 夏季,3.8万
杭州,一个人一副行囊，穿越烟雨南浔,/2018/09/16,4,1500,独自一人,穷游 古镇 摄影 美食 人文 夏季,4.1万
镇江,镇江西津渡&博物馆1日游18.9.23,/2018/09/23,1,120,独自一人,古镇 短途周末 摄影 徒步 人文 漫游 中秋节,1869
南浔,探访记忆里的江南，脱身城市喧嚣，来南浔寻一份清净悠然,/2018/09/22,2,1000,三五好友,短途周末 赏秋,5.2万
南京,愿你贪吃不胖——南京吃吃吃五日游,/2018/09/20,5,2,闺蜜,美食 中秋节,6111
阳朔,山水浓情处，阳朔把酒欢,/2018/09/01,4,2000,三五好友,深度游 漫游 国庆,1848
天台,【手绘游记】觅一方净土，天台的修心之旅,/2018/09/07,3,2500,三五好友,第一次 短途周末 摄影 美食 人文 夏季 暑假 中秋节 国庆,1.1万
成都,【时光匆匆再遇蓉城】花式游成都感受新旧文化的万象交融！,/2018/09/14,2,310,闺蜜,短途周末,5647
蔚县,蔚县印象,/2018/09/21,2,580,三五好友,漫游 赏秋,3076
成都,【成都】天府有芙蓉，网红美食享不停,/2018/08/29,2,1300,三五好友,短途周末 美食 人文 夏季 暑假 中秋节,2090
阳朔,八年之痒，终于赴上这场久违的桂林民族风情之约！,/2018/08/31,1,2000,独自一人,深度游 短途周末 徒步 漫游 摄影 美食,6060
阳朔,回眸阳朔千百眼，留下千古情。,/2018/09/20,4,2500,独自一人,漫游 摄影 人文,2万
桂林,【桂林印象】领略阳朔的山水看一生必看的演出,/2018/09/08,3,1500,三五好友,深度游 短途周末 摄影 美食,1.4万
张家口,张家口——爱上一匹野马，想拥有这片草原,/2018/05/23,2,1200,三五好友,第一次 短途周末 自驾 摄影,3321
天津,天津四年｜我在这里拍照散步、吃美食（9大必游拍照景点）,/2018/07/06,4,1500,闺蜜,深度游 短途周末 漫游 美食 踏春 暑假 赏秋 国庆 寒假,9876
北京,我的试睡旅程-流水账-北京橡树公馆,/2018/09/18,3,999,独自一人,探险 赏秋,3033
宜昌,平湖高峡，神女无恙——三峡四日船游（2017年十一长假游记其二）【图文情怀贴】,/2017/10/03,4,1800,独自一人,游轮 国庆,3900
深圳,「探访古迹」深圳——你在我眼中是古城，而不是新城。,/2017/07/31,99+,2000,独自一人,深度游 短途周末 环游 古镇 摄影 探险 人文 婚纱 海滨海岛 踏春 清明 五一 暑假 赏秋 中秋节 国庆,1.9万
凤凰,魅力湘西，烟雨凤凰,/2018/09/09,4,1800,三五好友,自驾 古镇 人文,3.1万
长沙,KK武功山、长沙三日行,/2018/09/15,3,1600,闺蜜,短途周末 穷游,3403
郴州,感受高椅岭，你是自在如风的少女,/2018/02/06,1,50,三五好友,穷游 徒步,3091
桂林,行走诗画间：水墨般的山水画卷，色鲜香的桂林美食，总算遇见你,/2018/09/01,4,1500,情侣,深度游 摄影 美食 五一 暑假 中秋节 国庆,3万
阳朔,沉醉在桂林的山水之间，唱响一曲感天动地的千古传奇,/2018/08/27,4,1800,家庭,漫游 摄影 五一 暑假 中秋节 国庆 寒假,7003
恩施,湖北恩施旅游3日游（正确的）旅游攻略打开方式,/2018/09/15,3,1200,家庭,短途周末 自驾 徒步 毕业游 古镇 摄影 人文 赏枫 夏季 暑假 赏秋 中秋节 国庆,9.1万
北京,圆父母的首都情结,/2018/09/08,7,2700,家庭,漫游 赏秋,1533
西安,实习逃离记之西安,/2018/05/12,4,1300,独自一人,穷游 夏季,4365
阿尔山,呼伦贝尔大草原，是牛羊的天堂，是草的家乡……,/2018/07/17,10,2200,家庭,自驾 暑假,1036
香港,ffya的香港游记~（西环泳棚+中环+石澳+油尖旺）,/2018/08/04,2,1000,独自一人,短途周末 漫游 购物 摄影 美食 人文 五一 夏季 暑假 中秋节 国庆 圣诞 冬季 寒假,5401
五指山,广东这个景区一天能游三省游客大呼值回票价,/2018/09/16,4,1200,三五好友,第一次 短途周末 摄影,8643
阳朔,第1站-桂林&阳朔（休闲游）,/2018/09/02,5,2000,情侣,第一次 夏季,2473
济南,山东青岛，一直想来的城市，勇敢的请假说走就走吧,/2018/09/03,5,400,闺蜜,穷游 摄影 美食,1.3万
兰州,七月西北行,/2018/07/03,5,2000,情侣,毕业游 暑假,4.6万
沈阳,小鲁面の盛京历史-换个视角看沈阳【沈阳旅游精华版】,/2017/06/02,2,1000,学生,短途周末 摄影 人文 端午,1.5万
镇江,南京镇江四日开心之旅,/2018/09/09,4,1200,闺蜜,美食 赏秋,4562
抚仙湖,广州出发滇东南（普者黑、抚仙湖、九龙瀑布群）9日自驾游,/2018/07/21,9,2500,家庭,自驾 古镇 摄影 美食 人文 暑假,4178
黄山,3天2晚游黄山烟雨江南看星空天天火烧云水墨画般的宏村夜访猪栏酒吧,/2018/08/11,3,1500,三五好友,短途周末 古镇 摄影 五一 夏季 暑假,2.2万
重庆,一人一包一台相机，山城重庆行摄记录,/2018/07/15,4,1200,独自一人,第一次 深度游 穷游 徒步 毕业游 摄影 夏季 暑假,1.7万
青岛,【J_旅行手记】二刷青岛丨归来，像从没离开过,/2018/04/04,3,2000,三五好友,徒步 美食 清明,1.4万
伊斯兰堡,萨拉姆，伊斯兰堡的陌生人,/2018/09/14,3,1200,独自一人,第一次 漫游 摄影 探险 人文 暑假,4.6万
韶关,在田野乡间，寻觅久违的童年时光,/2018/09/11,2,500,三五好友,短途周末 摄影 美食,3.4万
始兴,闲游客家小城——始兴红梨村、红沙漠、东湖坪,/2018/09/13,2,800,三五好友,第一次 深度游 短途周末 自驾 漫游 古镇 摄影 美食 人文 夏季 暑假,1.4万
第比利斯,揭开神秘的高加索面纱，走进“火与水”之国：阿塞拜疆、格鲁吉亚,/2018/04/22,14,2650,情侣,美食 毕业游 摄影 人文 深度游 环游 穷游 国庆,3670
韶关,去韶关，走进红梨村，尽享田园风情,/2018/09/11,2,600,三五好友,短途周末 穷游 徒步 古镇 美食 夏季,1万
黄果树,自驾慢游安顺三日，画卷里的贵州,/2018/09/07,3,1000,情侣,自驾 赏秋,1.2万
厦门,【清新福建】中国最美环海公路，秀色可餐的美景令人流连忘返,/2018/09/10,3,1000,三五好友,深度游 海滨海岛 暑假,1万
怀柔,慕田峪长城旅游2018最新攻略”，告诉您慕田峪长城怎么去，怎么玩？,/2018/09/12,1,150,三五好友,深度游 赏秋,4.9万
龙岩,周末龙岩行|访土楼、探美食、寻古迹,/2018/09/01,2,800,情侣,第一次 深度游 自驾 摄影 美食 人文 春节 踏春 清明 五一 端午 夏季 中秋节 国庆,1.9万
上海,打卡魔都上海，4天穿越经典文艺与小众,/2018/09/07,4,2500,情侣,第一次 徒步 漫游 古镇 摄影 人文 赏秋 中秋节 国庆,4.8万
香格里拉,朝拜神的住所|远赴尘封的香巴拉,/2018/09/10,3,2500,三五好友,深度游 徒步 摄影 探险 暑假,5653
婺源,【你把我养大，我陪你变老】——去婺源品一场秋,/2017/12/04,4,1500,家庭,穷游 古镇 赏秋,2299
南昌,【南昌】红色漫卷英雄城，美食就在眼前,/2018/08/19,3,1700,三五好友,短途周末 美食 人文 夏季 暑假 中秋节,2184
阳朔,【桂林】山水有相逢，余生不可负阳朔,/2018/08/23,4,2000,三五好友,深度游 摄影 夏季 暑假 赏秋 中秋节 国庆,1万
遂昌,【浙江·遂昌】画里仙境，流连忘返青山间......,/2018/04/09,2,1800,三五好友,自驾 摄影 踏春 五一,1.6万
桂林,桂林－山水之间且听风吟,/2018/09/04,4,1500,家庭,漫游,5030
深圳,深圳西涌鹤薮，被遗忘的古村落,/2018/09/05,3,600,闺蜜,第一次 短途周末 摄影 美食 夏季,8770
贵阳,迟到的爽爽的贵阳，吃到的确实最地道的贵阳味,/2018/09/07,3,1500,家庭,短途周末 漫游 摄影 美食 暑假,1.8万
苏州,来这五色的流年，繁华风光想去看！,/2017/02/20,13,2500,家庭,自驾 古镇 美食,3613
杭州,三游人间天堂杭州,/2017/11/11,4,2500,情侣,穷游 赏秋,3万
阳朔,3天2晚，带着萌宝游阳朔，如诗如画美景如仙,/2018/08/30,3,1300,亲子,短途周末 夏季,1.9万
济南,[济南.青岛纪行]乘着初夏的风，跨越800KM去看你,/2018/06/19,6,2000,三五好友,摄影 美食 夏季 暑假 国庆,3043
厦门,揭露厦门AB面，闽朴与小资，这样交融的生活才是真厦门！,/2018/09/06,2,1500,三五好友,深度游 短途周末 漫游 美食 夏季 暑假,1.1万
贵阳,贵州一人行‖小女子进山记之纯玩7日走遍有山有水的黔州,/2017/09/30,9,2500,独自一人,深度游 穷游 漫游 古镇 摄影 美食 探险 人文 国庆,2万
克尔曼,亚洲九国环游记-1397年，我们闯入波斯伊朗,/2018/04/11,11,2500,情侣,深度游 穷游 环游 毕业游 古镇 摄影 美食 探险 人文 踏春,3186
厦门,【史上最强】最完美最省钱五一厦门4DAYS,/2016/04/29,4,700,学生,第一次 深度游 短途周末 穷游 徒步 环游 漫游 购物 摄影 美食 春节 五一,8425
西安,暑期西安四日游-----带孩子追溯历史，带全家梦回长安（详尽攻略型游记）,/2018/09/04,4,2500,家庭,人文 暑假,1.9万
焦特布尔,亚洲九国环游记-在彩色的印度追寻自己,/2018/03/26,13,2500,情侣,深度游 穷游 环游 毕业游 摄影 美食 人文 踏春,2.9万
台山,KK带你玩转台山——那琴地质公园,/2018/09/02,1,170,三五好友,短途周末 自驾 摄影 夏季 暑假,7356
金门,小金门的夏日协奏曲,/2018/08/03,3,1500,闺蜜,短途周末 骑行,2297
江门,古风侨韵，陈皮香伴，细细品味江门新会,/2018/08/18,3,800,三五好友,短途周末,3.9万
威海,青岛青岛为你倾倒,/2018/06/03,9,2000,家庭,漫游 夏季,1953
黎平,重走长征路，云贵川三省自驾游,/2018/08/16,10,300,三五好友,自驾,5425
南阳,品人文，赏山水，原来南阳这么美,/2018/08/19,3,2500,三五好友,短途周末 暑假,8808
重庆,你好，旧时光！——一个人冰火两重天的五天四夜重庆自由行（附游玩及拍照攻略）,/2018/07/11,5,1655,独自一人,第一次 深度游 穷游 徒步 摄影 美食 人文 夏季 暑假,1.4万
周庄,还你一个真实的周庄两天一夜,/2017/06/10,2,500,情侣,短途周末 徒步 古镇 夏季,6653
张家港,纵情high，属于张家港的夏日童话,/2018/08/17,3,2000,三五好友,古镇 摄影 美食,4540
上海,都市繁华&弄堂喧嚣&校园宁静&展览精彩——上海暴走五日游,/2018/08/28,5,2500,学生,第一次 穷游 摄影 人文 夏季 暑假,2.6万
黄山,黄山脚下避暑游，让漂流清凉你的夏季,/2018/08/10,2,500,闺蜜,第一次 短途周末 古镇 摄影 人文 夏季 暑假,3175
吉隆坡,【吃货眼里的大马-吉隆坡篇】,/2018/06/18,3,600,独自一人,穷游 美食 夏季,8919
阿拉善左旗,“世间最美的情郎”“雪域最大的王”在贺兰山中广宗寺你见，或是不见？,/2018/07/31,1,100,三五好友,深度游 自驾 摄影 人文 夏季,7391
莫干山,自驾莫干山，探寻网红民宿的新格调,/2018/08/19,3,2500,家庭,短途周末 自驾 暑假,1.9万
江门,慢游新会，细品历史的轨迹跟舌尖上的味道,/2018/08/28,4,1200,三五好友,第一次 短途周末 摄影 温泉,1.2万
乡宁,80mm的光影，感受蜿蜒山路上的夏日凉风,/2018/08/27,3,2000,三五好友,深度游 人文 夏季,8279
宁波,#东南DX3夜猫行动#抓住夏天的尾巴，宁波象山·中国渔村，我们一起赶海去~,/2018/08/14,2,500,三五好友,短途周末 自驾 摄影 夏季 暑假,3.2万
宁波,【诗画浙江】东海这座普通渔村，坐拥惊艳全球的天空之镜，堪称中国第一渔村,/2018/08/24,3,1500,三五好友,海滨海岛 夏季,9777
函馆,邂逅浪漫之城：函馆2日游分享（含日式轮渡攻略）,/2018/07/20,2,1500,家庭,摄影 夏季 暑假,7378
桂林,三口之家的桂林游记,/2018/07/30,5,1335,家庭,第一次 美食 摄影 暑假,4.5万
乌海,全国有哪一个城市能比它更拽：出门坐游艇，推窗望沙漠，不服来战啊！,/2018/07/26,2,500,三五好友,深度游 自驾 摄影 人文 夏季,1.4万
遂昌,遂昌有约，关于你的美好，我写了封长信，可曾收到？,/2018/08/11,3,1500,三五好友,短途周末 自驾 摄影 暑假,3.8万
南京,探六朝古都，游金陵，赏白雪映秦淮-南京4days#东南DX3夜猫行动#,/2018/01/22,4,1250,学生,第一次 穷游 摄影 寒假,1.7万
瑞丽,行云天水间从繁华到宁静腾冲-瑞丽-诺邓9日行记,/2018/02/02,9,2000,家庭,自驾 漫游 古镇 摄影 人文,2.3万
北京,抓住暑假的尾巴~七夕节~北京我们来了~~~,/2018/08/17,5,2000,亲子,漫游 暑假,2100
大叻,任我独行纵观越南，趁年轻还是让自己疯一点要紧,/2018/03/12,10,2000,独自一人,穷游 徒步 摄影 美食 踏春,7897
青岛,没有蓝天的青岛也是美的,/2018/08/16,4,2000,情侣,穷游 暑假,5824
青岛,五一青岛12个仙女拍照点，吃货必去网红小吃店拔草以及风景大好稀客仙境大合集,/2018/04/01,3,500,情侣,摄影 美食 五一,8510
三门峡,寻觅白天鹅和神秘古村落,/2018/02/03,2,300,亲子,短途周末 冬季,8563
桂林,#东南DX3夜猫行动#十年，寻找童年时的桂林印象,/2018/08/18,4,1500,三五好友,暑假,4454
锦州,随心的辽西之旅——锦州、阜新古迹探寻,/2018/08/18,4,900,情侣,自驾 夏季,4449
平遥,平遥古城，我和小半的平遥约定,/2018/08/20,4,1500,闺蜜,穷游 古镇 购物 美食 人文 夏季 暑假,2051
南浔,南浔丨岁月刻在围墙上，故事都在围墙里,/2018/08/22,2,1000,三五好友,短途周末 古镇 摄影 暑假,1.6万
南宫,夏日玩水？来南宫放肆一“夏”,/2018/08/04,2,600,亲子,短途周末 暑假,5838
西宁,大概是青海小环线最详细的攻略了,/2018/08/20,6,1800,学生,毕业游,1.2万
厦门,5天4晚厦门自由行,/2018/08/21,4,2000,情侣,蜜月 第一次 暑假,8366
南浔,【诗画浙江】中国最具特色古镇：看不够的自然风光，说不尽的历史故事,/2018/08/17,3,1000,三五好友,古镇 夏季,1.8万
怡保,【吃货眼里的大马-怡保篇】,/2018/06/03,3,690,独自一人,第一次 深度游 环游 漫游 摄影 美食 人文,1.1万
温州,脚踏食地·来温州，我吃了猪脏粉炒粉干敲鱼江蟹生炊饭……杏仁腐米面灯盏糕,/2017/04/02,3,2000,独自一人,深度游 美食 清明,5010
杭州,三天两晚杭州行，老景点玩些新花样,/2018/08/05,3,1600,独自一人,短途周末 漫游 摄影 夏季 暑假,5.4万
武汉,一座城，一栋塔，一条街，一方桥——武汉经典一日游攻略,/2018/07/28,2,1500,三五好友,深度游 短途周末 摄影 美食 人文 夏季 暑假,5.7万
成都,（成都本地人推荐玩法）九天开出一成都，带不走的只有你！（三）,/2018/08/18,1,500,家庭,深度游 短途周末 人文 暑假,3431
呼伦贝尔,和呼伦贝尔大草原最美的约会,/2018/08/06,4,2000,家庭,自驾 暑假,6042
桂林,八桂仙境，在漓江静谧的时光里流浪,/2018/08/09,5,1500,家庭,深度游 短途周末 穷游 骑行 漫游 古镇 摄影 夏季 暑假,2.3万
重庆,一家人游重庆,/2018/08/17,3,1200,家庭,短途周末 美食 人文 暑假,3777
北京,北平早秋漫步于青砖红墙间，追一抹暖暖斜阳,/2017/10/20,5,2500,独自一人,人文,1.1万
杭州,留迹杭州，留忆嘉兴,/2017/01/22,4,2330,三五好友,第一次 古镇 冬季,1.2万
惠安,惠风和畅，安闲自得~2018说走就走的惠安之旅,/2018/08/17,2,247,亲子,海滨海岛 暑假,3595
北京,不出京城，假装在夏威夷！一起去南宫做玩儿水的孩子吧！,/2018/08/11,2,600,亲子,短途周末 夏季,2.8万
阳朔,甲桂林的阳朔怎样玩？四天行程攻略，拿上就走#东南DX3夜猫行动#,/2018/08/17,4,1000,亲子,深度游 自驾 古镇 暑假,1.1万
南浔,漫步南浔，探寻江南富豪奢华前卫的私家别院,/2018/08/17,2,2000,三五好友,短途周末 古镇 美食 人文,3.9万
西宁,一路向西，南方人在大西北,/2017/05/29,6,2350,三五好友,第一次 自驾 端午,4322
苏州,#东南DX3夜猫行动#苏州三日谈：长夏悠悠风物好,/2018/06/16,1,800,情侣,深度游 短途周末 古镇 摄影 美食 人文 端午,1.4万
安庆,#东南DX3夜猫行动#北纬30°的浪漫，缘份“天柱”定，悠然在潜山！,/2018/08/06,3,1500,三五好友,第一次 自驾 摄影 暑假,1.2万
杭州,一眼千年，去杭城体会南宋繁华,/2018/08/12,2,2000,三五好友,短途周末 摄影 暑假,24.9万
桂林,初访桂林，盛夏蝉鸣和温柔的你,/2018/08/04,5,1000,三五好友,深度游 摄影 美食 暑假,1.9万
上海,[购物]是时候全方位得高大上了——来魔都体验三大等级八大商圈！！,/2018/08/15,1,1000,三五好友,短途周末 购物 夏季 暑假,2.8万
重庆,和姐姐的西南行——重庆,/2018/08/14,3,1300,家庭,人文 美食 夏季,3612
嵊泗,花鸟岛｜只要海风在吹，我都会想你（附超新登岛攻略）,/2018/07/04,3,1300,三五好友,短途周末 漫游 美食 海滨海岛 夏季,1.7万
黑水县,雪山遇见彩林，奶子沟遇见卡龙沟，千年古寨遇见新式藏寨，哈雷遇见彩跑....,/2017/10/27,7,1200,三五好友,自驾 环游 摄影 人文 冬季,1.5万
青岛,【旅行蜜语】青岛，风情万种的海滨城市---不得不爱,/2018/08/06,7,1888,独自一人,海滨海岛 暑假,1万
厦门,6810组合第三站：厦门,/2018/08/03,4,1500,亲子,第一次 暑假,8547
兴义,贵州自驾六日游,/2018/08/11,6,1600,三五好友,自驾 徒步 摄影 人文 夏季 暑假,4.7万
济南,济南青岛五日自由行,/2018/08/05,5,2000,家庭,海滨海岛 美食 夏季 暑假,1612
杭锦旗,在联合国防治荒漠化公约主席国“会客厅”做客海吃美食揽尽美景吐血攻略！,/2018/07/22,2,1500,三五好友,深度游 自驾 摄影 美食 夏季,3951
乌兰察布,【乌兰察布，探寻草原深处的蒙古风情】,/2018/08/02,4,2000,三五好友,自驾 摄影 人文 夏季 暑假,5714
香港,#香港美食地图#带上你的胃，我们一起出发香港！,/2018/08/10,2,700,三五好友,第一次 深度游 短途周末 摄影 美食 暑假 国庆,9654
镇远,暑假游贵州——十省市的游客有福啦,/2018/07/28,11,2500,家庭,自驾 暑假,3631
太原,#东南DX3夜猫行动#行走晋冀，亲临黄河壶口瀑布,/2018/08/09,5,1500,情侣,环游 摄影,3154
